Origin,Dest,Carrier,avg_fare_weighted,avg_distance_weighted,total_passengers,row_count
ATL,LAX,AA,287.09,2258.02,54999,458
ATL,LAX,NK,296.41,2258.02,44350,462
ATL,ORD,WN,269.45,1809.8,119422,102
ATL,ORD,B6,244.96,1809.8,55271,14
ATL,DFW,AS,191.12,1232.56,63781,266
ATL,DFW,NK,145.95,1232.56,26938,180
ATL,DFW,B6,182.02,1232.56,89675,387
ATL,DEN,B6,213.41,1387.34,105394,378
ATL,DEN,F9,279.5,1387.34,77960,285
ATL,DEN,WN,267.69,1387.34,99560,155
ATL,DEN,NK,210.61,1387.34,44095,311
ATL,DEN,DL,333.9,1387.34,82687,42
ATL,JFK,NK,143.4,877.36,77949,145
ATL,JFK,WN,195.99,877.36,39858,446
ATL,JFK,B6,190.11,877.36,5573,352
ATL,JFK,AS,171.45,877.36,119038,212
ATL,SFO,AA,157.97,401.36,59384,11
ATL,SFO,B6,141.55,401.36,56862,48
ATL,SFO,DL,206.45,401.36,105671,284
ATL,MIA,NK,272.44,1541.59,70504,157
ATL,MIA,AA,206.73,1541.59,102693,130
ATL,MIA,B6,260.33,1541.59,51490,178
ATL,MIA,UA,258.44,1541.59,23730,112
ATL,MIA,F9,275.31,1541.59,2362,50
ATL,SEA,WN,170.19,548.65,96315,346
ATL,SEA,F9,208.07,548.65,38814,222
ATL,SEA,AA,229.52,548.65,21715,114
ATL,BOS,AS,315.24,2212.73,71582,337
ATL,BOS,AA,230.59,2212.73,9490,89
ATL,LAS,AA,356.17,2683.96,101469,493
ATL,PHX,UA,235.56,1143.82,109970,248
ATL,PHX,AA,170.48,1143.82,67448,352
ATL,PHX,WN,185.94,1143.82,81026,52
ATL,IAH,DL,210.8,1269.7,33304,476
ATL,IAH,UA,217.97,1269.7,81809,416
ATL,IAH,F9,152.88,1269.7,100964,42
ATL,MCO,UA,167.26,700.85,70598,483
ATL,MCO,F9,208.03,700.85,99762,25
ATL,EWR,NK,146.6,558.92,106905,95
ATL,EWR,F9,162.61,558.92,25422,257
ATL,EWR,WN,160.06,558.92,101879,367
ATL,MSP,WN,365.27,2386.28,102836,404
ATL,DTW,NK,112.27,797.78,59863,302
ATL,DTW,UA,101.54,797.78,47085,350
ATL,DTW,AS,141.19,797.78,49329,222
ATL,DTW,F9,153.05,797.78,98768,171
ATL,PHL,DL,228.31,1601.29,78210,263
ATL,PHL,F9,341.48,1601.29,73059,381
ATL,PHL,AA,255.27,1601.29,100322,329
ATL,PHL,B6,214.73,1601.29,106777,437
ATL,LGA,WN,246.09,2355.41,113045,490
ATL,LGA,UA,326.58,2355.41,39848,80
ATL,LGA,B6,267.96,2355.41,91713,204
ATL,CLT,B6,350.05,2424.34,70094,265
ATL,CLT,UA,416.87,2424.34,40920,218
LAX,ATL,AA,277.05,2753.13,93797,80
LAX,ORD,DL,248.18,2220.0,16717,118
LAX,ORD,UA,334.19,2220.0,76813,128
LAX,ORD,AA,261.26,2220.0,6932,440
LAX,ORD,AS,299.36,2220.0,100197,287
LAX,ORD,NK,233.85,2220.0,113123,374
LAX,DFW,B6,330.91,2538.31,5839,459
LAX,DFW,F9,293.01,2538.31,55572,180
LAX,DFW,AS,405.19,2538.31,35764,80
LAX,DFW,UA,293.25,2538.31,9510,493
LAX,DFW,AA,277.62,2538.31,77610,466
LAX,DEN,AA,282.83,1654.91,77944,468
LAX,DEN,WN,205.75,1654.91,104585,181
LAX,DEN,UA,198.8,1654.91,22569,480
LAX,DEN,NK,256.21,1654.91,75081,63
LAX,JFK,F9,221.95,846.04,22699,430
LAX,SFO,WN,243.5,1741.73,110841,290
LAX,SFO,F9,226.04,1741.73,31683,118
LAX,SFO,AA,308.8,1741.73,80880,108
LAX,SFO,B6,289.85,1741.73,108637,186
LAX,SFO,UA,273.06,1741.73,18353,312
LAX,MIA,B6,260.49,2440.35,55579,319
LAX,MIA,UA,224.88,2440.35,65731,68
LAX,MIA,DL,307.63,2440.35,53655,392
LAX,MIA,F9,321.76,2440.35,33652,305
LAX,SEA,DL,255.88,921.95,30758,391
LAX,SEA,AS,229.6,921.95,6603,360
LAX,BOS,UA,226.63,1736.44,94509,366
LAX,BOS,DL,266.72,1736.44,2303,184
LAX,BOS,F9,271.18,1736.44,27544,85
LAX,BOS,AA,297.79,1736.44,95437,73
LAX,LAS,AS,324.33,1948.8,58618,449
LAX,LAS,WN,250.21,1948.8,83737,209
LAX,LAS,NK,256.24,1948.8,46791,350
LAX,PHX,F9,264.45,2672.86,33544,247
LAX,PHX,WN,274.07,2672.86,21288,465
LAX,IAH,F9,264.64,1610.7,14972,82
LAX,MCO,B6,311.59,2222.63,100459,310
LAX,MCO,DL,285.0,2222.63,60062,339
LAX,MCO,WN,299.85,2222.63,29901,362
LAX,EWR,F9,115.24,701.15,119094,409
LAX,EWR,WN,149.26,701.15,31226,206
LAX,EWR,UA,171.94,701.15,29188,292
LAX,MSP,UA,271.64,2024.77,86783,168
LAX,MSP,AA,257.17,2024.77,98332,42
LAX,MSP,F9,328.2,2024.77,74838,64
LAX,MSP,AS,320.71,2024.77,32117,139
LAX,MSP,B6,236.71,2024.77,106630,500
LAX,DTW,UA,128.57,672.74,101227,293
LAX,DTW,AS,121.74,672.74,55514,10
LAX,DTW,WN,100.71,672.74,63548,65
LAX,DTW,B6,107.05,672.74,96525,401
LAX,DTW,AA,103.95,672.74,56185,421
LAX,PHL,WN,339.94,1974.59,74583,59
LAX,PHL,AS,325.46,1974.59,50297,110
LAX,PHL,F9,289.81,1974.59,117187,33
LAX,LGA,AS,308.43,1631.21,56968,18
LAX,LGA,WN,202.15,1631.21,90904,299
LAX,LGA,DL,209.48,1631.21,117930,220
LAX,CLT,WN,192.55,1467.71,97311,358
ORD,ATL,F9,108.69,846.18,34114,310
ORD,ATL,AS,116.01,846.18,54126,153
ORD,ATL,DL,147.59,846.18,84781,240
ORD,ATL,NK,122.0,846.18,117560,184
ORD,ATL,B6,149.15,846.18,31525,57
ORD,LAX,WN,330.88,2022.49,86653,383
ORD,LAX,AA,354.58,2022.49,1333,260
ORD,LAX,F9,363.85,2022.49,107594,417
ORD,DFW,AS,233.12,1757.2,36894,366
ORD,DFW,AA,369.27,1757.2,46238,395
ORD,DFW,NK,314.15,1757.2,59791,94
ORD,DFW,B6,340.76,1757.2,4025,331
ORD,DEN,AA,330.16,2355.79,6425,110
ORD,DEN,AS,256.07,2355.79,108932,77
ORD,DEN,UA,291.71,2355.79,39166,348
ORD,DEN,DL,258.42,2355.79,59412,78
ORD,DEN,B6,243.17,2355.79,4627,477
ORD,JFK,AS,361.0,2191.47,109911,88
ORD,JFK,F9,262.57,2191.47,90666,471
ORD,SFO,F9,99.78,319.06,70365,441
ORD,SFO,WN,113.57,319.06,117534,53
ORD,MIA,WN,139.53,684.35,30549,95
ORD,MIA,AA,140.38,684.35,35383,375
ORD,SEA,AS,401.81,2684.05,80578,237
ORD,SEA,WN,315.91,2684.05,37092,320
ORD,SEA,DL,416.58,2684.05,28568,418
ORD,SEA,B6,401.64,2684.05,101662,110
ORD,SEA,F9,312.58,2684.05,53691,405
ORD,BOS,F9,320.42,2552.08,92285,448
ORD,BOS,AA,324.4,2552.08,15332,212
ORD,BOS,B6,337.86,2552.08,119688,374
ORD,BOS,NK,362.94,2552.08,97180,37
ORD,BOS,DL,267.29,2552.08,68389,458
ORD,LAS,UA,350.55,2570.0,80047,47
ORD,LAS,DL,349.79,2570.0,32153,52
ORD,PHX,DL,134.79,1130.19,23871,261
ORD,PHX,UA,199.88,1130.19,111943,81
ORD,PHX,NK,195.95,1130.19,105733,367
ORD,IAH,UA,250.21,1862.1,94992,51
ORD,MCO,F9,175.9,990.78,4426,15
ORD,MCO,DL,175.28,990.78,102742,350
ORD,MCO,AS,174.94,990.78,91055,424
ORD,EWR,DL,243.55,1106.24,106402,51
ORD,MSP,WN,307.08,1501.95,58037,285
ORD,DTW,AA,262.33,2171.18,94770,190
ORD,DTW,NK,296.7,2171.18,41505,68
ORD,DTW,AS,376.94,2171.18,104661,340
ORD,PHL,B6,191.98,512.6,79188,286
ORD,PHL,UA,159.73,512.6,62992,277
ORD,PHL,DL,200.43,512.6,119808,87
ORD,LGA,B6,228.29,1854.14,50234,269
ORD,LGA,F9,228.12,1854.14,57475,32
ORD,CLT,AA,215.1,1244.74,12124,274
ORD,CLT,F9,233.59,1244.74,36555,217
ORD,CLT,AS,237.2,1244.74,50008,130
ORD,CLT,UA,191.83,1244.74,54629,147
ORD,CLT,DL,200.45,1244.74,67567,174
DFW,ATL,AA,387.32,2353.95,49694,292
DFW,ATL,UA,272.56,2353.95,94123,250
DFW,ATL,NK,333.64,2353.95,7451,133
DFW,LAX,F9,405.03,2230.92,112718,104
DFW,LAX,B6,267.04,2230.92,16984,147
DFW,LAX,UA,264.22,2230.92,105618,72
DFW,LAX,AA,319.52,2230.92,113910,437
DFW,ORD,DL,270.41,1863.95,112821,290
DFW,ORD,B6,252.9,1863.95,62581,486
DFW,ORD,NK,254.97,1863.95,33138,203
DFW,ORD,AA,284.89,1863.95,94633,280
DFW,ORD,UA,200.56,1863.95,85400,147
DFW,DEN,UA,175.9,463.83,81643,381
DFW,DEN,AS,163.84,463.83,22896,340
DFW,JFK,NK,186.3,351.77,99653,198
DFW,JFK,UA,186.96,351.77,95166,280
DFW,JFK,DL,145.84,351.77,56977,168
DFW,SFO,DL,286.75,2355.09,83289,191
DFW,SFO,WN,284.41,2355.09,98842,158
DFW,SFO,AA,356.43,2355.09,114044,105
DFW,MIA,WN,192.58,1149.83,39013,453
DFW,MIA,AS,250.36,1149.83,119963,352
DFW,MIA,NK,222.48,1149.83,11589,167
DFW,MIA,UA,257.12,1149.83,54395,451
DFW,SEA,AA,315.41,2126.95,73387,275
DFW,SEA,NK,333.67,2126.95,23890,151
DFW,SEA,DL,319.27,2126.95,43957,78
DFW,BOS,AA,190.93,393.85,8039,159
DFW,BOS,AS,132.88,393.85,31802,120
DFW,BOS,NK,189.21,393.85,27885,431
DFW,BOS,UA,132.12,393.85,47038,279
DFW,LAS,AS,223.49,1286.8,19035,56
DFW,LAS,F9,214.7,1286.8,12896,242
DFW,LAS,AA,191.95,1286.8,69471,459
DFW,PHX,AA,195.64,1816.14,78267,357
DFW,IAH,F9,135.46,636.77,30085,218
DFW,IAH,DL,135.09,636.77,112542,49
DFW,MCO,F9,234.89,2196.0,51531,266
DFW,EWR,AA,384.02,2350.87,4353,181
DFW,EWR,F9,353.97,2350.87,102556,291
DFW,EWR,DL,428.2,2350.87,17265,278
DFW,EWR,AS,324.0,2350.87,2219,203
DFW,MSP,F9,328.23,1543.38,108377,71
DFW,MSP,AS,319.18,1543.38,95498,479
DFW,MSP,NK,315.92,1543.38,902,358
DFW,DTW,NK,203.36,1824.36,116614,169
DFW,DTW,UA,204.95,1824.36,79627,73
DFW,PHL,B6,215.46,878.37,45451,310
DFW,PHL,AA,208.25,878.37,18757,218
DFW,PHL,F9,156.47,878.37,26020,380
DFW,PHL,UA,224.61,878.37,21167,320
DFW,PHL,DL,186.1,878.37,79400,47
DFW,LGA,F9,176.3,1137.98,12588,28
DFW,LGA,UA,222.94,1137.98,91649,384
DFW,CLT,UA,231.96,1318.12,109235,20
DFW,CLT,B6,282.11,1318.12,102476,131
DFW,CLT,NK,299.04,1318.12,65036,229
DEN,ATL,AA,140.44,591.28,102776,490
DEN,ATL,B6,146.02,591.28,6025,457
DEN,ATL,AS,121.71,591.28,7759,114
DEN,ATL,F9,114.27,591.28,47859,462
DEN,LAX,DL,215.41,2012.27,98169,497
DEN,LAX,NK,281.32,2012.27,23504,140
DEN,LAX,AA,230.58,2012.27,118136,36
DEN,LAX,WN,241.19,2012.27,107637,291
DEN,LAX,F9,241.95,2012.27,24539,65
DEN,ORD,F9,284.52,1852.95,109472,393
DEN,ORD,WN,261.94,1852.95,5787,165
DEN,ORD,B6,328.91,1852.95,117987,416
DEN,ORD,DL,394.65,1852.95,69681,409
DEN,DFW,AS,243.1,893.56,72627,280
DEN,DFW,UA,208.85,893.56,18390,118
DEN,JFK,AS,241.07,2109.64,87928,363
DEN,JFK,B6,197.95,2109.64,91459,430
DEN,SFO,AS,423.87,2782.98,8998,156
DEN,MIA,UA,245.12,1757.25,99619,303
DEN,MIA,AA,283.57,1757.25,82259,225
DEN,MIA,AS,248.09,1757.25,100983,423
DEN,MIA,WN,275.43,1757.25,49765,346
DEN,MIA,F9,271.04,1757.25,39351,338
DEN,SEA,F9,257.67,1638.16,50844,301
DEN,SEA,AA,201.24,1638.16,33032,299
DEN,SEA,B6,218.23,1638.16,13993,405
DEN,SEA,UA,286.53,1638.16,66093,301
DEN,SEA,DL,275.58,1638.16,81605,448
DEN,BOS,UA,214.0,570.89,106285,160
DEN,BOS,DL,154.02,570.89,102805,230
DEN,LAS,AA,383.44,2775.06,52665,244
DEN,LAS,WN,345.35,2775.06,100611,466
DEN,LAS,B6,383.73,2775.06,4500,99
DEN,LAS,F9,310.81,2775.06,98709,297
DEN,PHX,WN,317.28,1975.37,47922,470
DEN,PHX,UA,245.13,1975.37,68684,469
DEN,IAH,AA,481.29,2700.05,15940,471
DEN,IAH,NK,403.86,2700.05,91613,232
DEN,IAH,UA,303.87,2700.05,45240,421
DEN,IAH,F9,444.46,2700.05,111776,217
DEN,IAH,AS,440.55,2700.05,77899,288
DEN,MCO,NK,225.31,965.1,50626,186
DEN,MCO,AS,231.27,965.1,53836,482
DEN,EWR,AA,271.95,1504.82,88581,461
DEN,EWR,B6,264.77,1504.82,19599,423
DEN,MSP,AS,360.51,2408.27,52754,133
DEN,MSP,B6,403.41,2408.27,77519,169
DEN,MSP,UA,355.05,2408.27,111880,330
DEN,MSP,AA,276.18,2408.27,118332,25
DEN,MSP,F9,430.84,2408.27,109621,254
DEN,DTW,AA,272.21,1969.29,79194,463
DEN,DTW,F9,227.35,1969.29,51524,38
DEN,PHL,NK,176.76,1559.75,88097,323
DEN,LGA,AA,156.41,1237.98,85472,160
DEN,LGA,F9,183.65,1237.98,83057,449
DEN,LGA,NK,159.91,1237.98,97195,242
DEN,CLT,UA,194.5,789.75,58606,331
DEN,CLT,NK,143.16,789.75,19328,198
DEN,CLT,AS,194.1,789.75,29402,148
DEN,CLT,B6,216.5,789.75,2704,235
JFK,ATL,B6,323.47,2085.79,18814,400
JFK,ATL,WN,279.75,2085.79,113617,76
JFK,ATL,DL,241.59,2085.79,78659,19
JFK,ATL,AA,333.57,2085.79,73305,391
JFK,LAX,F9,341.32,1713.55,9254,144
JFK,LAX,WN,287.75,1713.55,3479,278
JFK,LAX,AA,307.38,1713.55,88925,44
JFK,LAX,DL,259.1,1713.55,26094,242
JFK,ORD,DL,404.86,2685.48,94205,113
JFK,ORD,F9,402.5,2685.48,45685,215
JFK,DFW,F9,186.52,1661.71,1894,470
JFK,DEN,DL,193.44,1807.32,15261,226
JFK,DEN,AA,257.92,1807.32,31691,352
JFK,SFO,UA,247.65,1665.28,49780,121
JFK,SFO,WN,240.9,1665.28,59153,351
JFK,SFO,NK,272.9,1665.28,71958,145
JFK,MIA,AA,174.65,419.46,39037,428
JFK,MIA,AS,168.1,419.46,12888,155
JFK,MIA,DL,151.99,419.46,7433,114
JFK,MIA,B6,153.12,419.46,89897,62
JFK,MIA,UA,171.35,419.46,52713,65
JFK,SEA,F9,396.16,2277.34,22823,48
JFK,SEA,AS,383.37,2277.34,2336,337
JFK,BOS,F9,295.18,2535.67,108938,331
JFK,LAS,B6,347.85,2626.46,75541,386
JFK,LAS,F9,338.97,2626.46,109256,384
JFK,PHX,F9,375.73,2491.61,23728,173
JFK,PHX,DL,285.57,2491.61,54033,127
JFK,PHX,WN,411.97,2491.61,75528,388
JFK,PHX,NK,366.84,2491.61,3503,369
JFK,PHX,B6,375.92,2491.61,77650,335
JFK,IAH,NK,241.28,1495.8,113340,130
JFK,IAH,AS,190.6,1495.8,118505,409
JFK,IAH,AA,166.03,1495.8,106354,415
JFK,IAH,WN,186.8,1495.8,2526,11
JFK,MCO,UA,198.09,751.12,43477,54
JFK,MCO,AA,198.51,751.12,52058,347
JFK,MCO,AS,140.67,751.12,48477,181
JFK,MCO,DL,225.53,751.12,71157,489
JFK,EWR,B6,192.8,1312.34,10050,404
JFK,MSP,DL,187.6,646.86,60363,498
JFK,MSP,B6,171.87,646.86,5668,283
JFK,DTW,WN,296.18,1822.4,72160,497
JFK,DTW,F9,207.23,1822.4,21253,480
JFK,DTW,B6,294.12,1822.4,5452,418
JFK,PHL,WN,302.06,1955.78,94765,364
JFK,LGA,B6,231.89,1045.34,111404,272
JFK,LGA,AS,221.37,1045.34,73053,341
JFK,LGA,DL,187.02,1045.34,11511,241
JFK,CLT,F9,185.91,1192.34,117835,239
JFK,CLT,NK,180.15,1192.34,51683,286
JFK,CLT,AA,223.03,1192.34,101308,105
JFK,CLT,WN,219.72,1192.34,3936,241
JFK,CLT,AS,171.73,1192.34,36531,49
SFO,ATL,DL,226.33,1826.08,71537,329
SFO,ATL,AS,325.32,1826.08,75813,268
SFO,ATL,NK,299.87,1826.08,65672,88
SFO,ATL,WN,314.81,1826.08,110213,173
SFO,ATL,B6,281.54,1826.08,68148,262
SFO,LAX,AS,205.78,2003.91,84851,330
SFO,ORD,AS,390.37,2038.75,87475,194
SFO,ORD,AA,405.98,2038.75,99533,205
SFO,DFW,AS,118.9,376.59,37147,100
SFO,DFW,F9,111.61,376.59,102523,446
SFO,DFW,WN,88.86,376.59,49590,103
SFO,DFW,B6,94.8,376.59,69127,313
SFO,DFW,AA,85.43,376.59,52151,190
SFO,DEN,B6,277.9,2008.81,111484,210
SFO,DEN,DL,366.67,2008.81,109330,453
SFO,DEN,AS,319.07,2008.81,26002,471
SFO,DEN,NK,376.8,2008.81,75551,184
SFO,DEN,F9,262.31,2008.81,53571,50
SFO,JFK,UA,406.56,2106.05,23817,185
SFO,JFK,B6,285.87,2106.05,51497,304
SFO,JFK,F9,324.03,2106.05,23025,311
SFO,MIA,WN,226.86,1624.35,49003,450
SFO,MIA,UA,227.39,1624.35,66623,373
SFO,SEA,AS,302.03,1597.34,111927,18
SFO,SEA,UA,268.69,1597.34,80438,259
SFO,SEA,AA,319.01,1597.34,101819,432
SFO,SEA,WN,255.23,1597.34,34802,109
SFO,BOS,DL,230.58,2360.82,109603,256
SFO,BOS,AS,280.52,2360.82,79012,34
SFO,BOS,B6,285.54,2360.82,26602,370
SFO,LAS,WN,123.17,515.03,52211,176
SFO,LAS,UA,132.6,515.03,38989,177
SFO,LAS,AA,124.47,515.03,108975,64
SFO,PHX,UA,244.6,1848.45,55482,443
SFO,PHX,F9,200.0,1848.45,69250,418
SFO,IAH,F9,119.4,340.14,111466,452
SFO,IAH,NK,163.94,340.14,84820,155
SFO,IAH,UA,163.26,340.14,101393,28
SFO,IAH,AA,133.33,340.14,102255,243
SFO,MCO,DL,229.87,1482.22,96510,397
SFO,MCO,AS,151.69,1482.22,63154,194
SFO,MCO,B6,173.24,1482.22,17509,273
SFO,MCO,NK,203.71,1482.22,69546,402
SFO,EWR,NK,401.02,2637.93,106588,223
SFO,EWR,DL,431.35,2637.93,8150,452
SFO,EWR,F9,368.57,2637.93,101808,222
SFO,MSP,F9,166.27,645.55,67374,389
SFO,MSP,UA,194.76,645.55,117569,287
SFO,MSP,NK,166.46,645.55,83360,311
SFO,MSP,DL,220.1,645.55,55807,417
SFO,DTW,B6,165.18,622.24,119839,52
SFO,DTW,DL,220.4,622.24,106985,180
SFO,DTW,F9,166.86,622.24,3828,445
SFO,PHL,AA,177.78,407.19,49324,310
SFO,LGA,DL,240.29,627.82,116247,69
SFO,LGA,F9,178.6,627.82,105267,172
SFO,CLT,WN,115.47,313.92,4928,334
MIA,ATL,UA,245.89,1058.16,69285,207
MIA,ATL,AS,246.23,1058.16,77365,376
MIA,ATL,AA,193.45,1058.16,64807,445
MIA,ATL,F9,287.33,1058.16,90986,123
MIA,LAX,F9,203.4,1907.86,1334,443
MIA,LAX,AS,303.95,1907.86,68043,370
MIA,LAX,WN,296.24,1907.86,22481,157
MIA,LAX,UA,299.82,1907.86,27913,45
MIA,ORD,WN,224.4,2142.62,8746,320
MIA,ORD,NK,322.19,2142.62,19271,340
MIA,ORD,DL,289.47,2142.62,1428,329
MIA,ORD,B6,215.65,2142.62,12637,388
MIA,ORD,AA,323.08,2142.62,1563,276
MIA,DFW,NK,211.99,1523.84,72949,22
MIA,DFW,UA,181.36,1523.84,70297,251
MIA,DEN,DL,345.81,2267.31,63424,143
MIA,DEN,AS,431.08,2267.31,98388,297
MIA,DEN,WN,312.53,2267.31,82778,79
MIA,DEN,F9,293.96,2267.31,50164,302
MIA,JFK,AS,139.17,656.11,107542,352
MIA,SFO,NK,341.31,2123.89,72507,377
MIA,SFO,AS,353.94,2123.89,58110,340
MIA,SFO,B6,245.45,2123.89,61942,244
MIA,SFO,DL,250.91,2123.89,90609,236
MIA,SEA,UA,276.17,2615.22,23115,499
MIA,SEA,NK,394.88,2615.22,74801,119
MIA,BOS,UA,264.72,2298.51,77200,165
MIA,BOS,AA,340.21,2298.51,31468,83
MIA,BOS,AS,394.5,2298.51,31492,176
MIA,BOS,WN,310.28,2298.51,86131,135
MIA,LAS,WN,221.82,1344.69,84989,390
MIA,LAS,UA,225.05,1344.69,116171,92
MIA,LAS,B6,214.3,1344.69,106437,136
MIA,LAS,NK,233.43,1344.69,3063,143
MIA,LAS,AS,199.33,1344.69,113934,425
MIA,PHX,DL,272.5,2362.17,58013,302
MIA,PHX,F9,346.88,2362.17,23349,92
MIA,PHX,WN,328.34,2362.17,7766,351
MIA,PHX,B6,373.36,2362.17,118605,398
MIA,IAH,F9,337.68,2069.8,18624,295
MIA,IAH,AS,285.54,2069.8,68519,86
MIA,IAH,AA,373.74,2069.8,4180,395
MIA,IAH,DL,268.76,2069.8,13417,196
MIA,IAH,WN,360.86,2069.8,52552,381
MIA,MCO,WN,230.77,733.17,35274,260
MIA,EWR,F9,202.65,1173.28,97490,459
MIA,EWR,B6,197.88,1173.28,49284,192
MIA,EWR,NK,160.3,1173.28,24703,283
MIA,EWR,AS,220.31,1173.28,52187,418
MIA,EWR,WN,220.15,1173.28,110319,414
MIA,MSP,WN,213.05,343.34,31470,340
MIA,DTW,AS,133.0,573.7,109969,498
MIA,PHL,DL,368.93,2247.36,22451,383
MIA,PHL,AA,364.28,2247.36,77423,349
MIA,LGA,DL,232.16,1056.98,86188,271
MIA,CLT,AA,346.96,2358.12,76069,250
MIA,CLT,B6,311.65,2358.12,11332,313
SEA,ATL,DL,195.77,1294.55,96412,116
SEA,ATL,B6,192.0,1294.55,21131,361
SEA,ATL,AA,286.1,1294.55,92303,219
SEA,ATL,F9,262.92,1294.55,61652,81
SEA,LAX,DL,240.62,1814.59,12196,205
SEA,ORD,DL,146.83,602.39,59022,185
SEA,ORD,F9,198.14,602.39,87232,280
SEA,ORD,NK,172.35,602.39,100108,137
SEA,ORD,AA,213.61,602.39,26445,392
SEA,DFW,AA,221.08,1729.71,44712,16
SEA,DFW,UA,217.47,1729.71,87051,343
SEA,DEN,DL,149.05,740.34,3476,359
SEA,DEN,F9,138.79,740.34,52245,81
SEA,DEN,UA,153.42,740.34,44691,305
SEA,JFK,UA,185.5,1016.78,110599,109
SEA,JFK,DL,187.31,1016.78,92332,189
SEA,JFK,B6,151.61,1016.78,95078,414
SEA,SFO,AA,300.95,2313.41,87918,186
SEA,MIA,F9,76.99,342.72,59971,151
SEA,MIA,NK,90.66,342.72,25502,193
SEA,BOS,AS,211.77,2206.43,111431,492
SEA,BOS,B6,323.84,2206.43,10323,408
SEA,BOS,UA,211.58,2206.43,20969,256
SEA,BOS,WN,263.23,2206.43,7553,195
SEA,BOS,F9,229.33,2206.43,81011,128
SEA,LAS,F9,245.41,1407.79,11690,451
SEA,LAS,UA,196.02,1407.79,77938,126
SEA,LAS,AA,208.59,1407.79,17537,154
SEA,LAS,DL,271.86,1407.79,70105,471
SEA,LAS,AS,234.68,1407.79,14529,143
SEA,PHX,AA,289.25,2053.0,4744,73
SEA,PHX,DL,346.55,2053.0,2709,474
SEA,IAH,F9,267.08,1221.42,40904,199
SEA,IAH,B6,263.14,1221.42,58540,408
SEA,IAH,AS,236.93,1221.42,46117,227
SEA,IAH,WN,212.96,1221.42,111059,136
SEA,MCO,F9,183.79,642.15,61021,66
SEA,MCO,NK,194.7,642.15,6283,403
SEA,MCO,AA,216.59,642.15,16033,273
SEA,EWR,AA,234.67,818.05,97058,293
SEA,MSP,DL,245.88,1296.6,12293,226
SEA,MSP,WN,193.34,1296.6,68169,16
SEA,DTW,DL,179.22,568.51,114327,185
SEA,DTW,NK,128.31,568.51,92814,53
SEA,DTW,AS,162.88,568.51,26122,219
SEA,DTW,UA,131.46,568.51,59870,37
SEA,DTW,WN,178.66,568.51,61048,180
SEA,PHL,AA,364.98,2332.49,70059,261
SEA,LGA,WN,145.36,737.45,3749,232
SEA,LGA,NK,175.15,737.45,24319,450
SEA,LGA,F9,204.57,737.45,69722,238
SEA,CLT,NK,91.39,374.21,1216,353
SEA,CLT,B6,116.84,374.21,105836,112
SEA,CLT,UA,94.65,374.21,80055,431
SEA,CLT,WN,119.07,374.21,106650,235
BOS,ATL,NK,224.09,2357.98,77196,133
BOS,ATL,WN,234.07,2357.98,109380,447
BOS,ATL,F9,218.01,2357.98,62759,39
BOS,LAX,NK,204.04,550.42,82660,396
BOS,LAX,WN,223.22,550.42,9388,35
BOS,LAX,F9,203.96,550.42,59080,351
BOS,ORD,DL,288.54,2172.56,31426,492
BOS,ORD,UA,224.48,2172.56,72856,376
BOS,ORD,AA,317.26,2172.56,74283,449
BOS,ORD,AS,300.27,2172.56,93234,148
BOS,DFW,AA,284.18,2261.14,80527,29
BOS,DFW,UA,281.71,2261.14,106384,341
BOS,DFW,DL,282.77,2261.14,109306,264
BOS,DFW,F9,306.63,2261.14,52273,280
BOS,DFW,NK,288.04,2261.14,65095,341
BOS,DEN,WN,266.4,1458.12,16265,205
BOS,JFK,B6,160.59,671.1,6936,302
BOS,JFK,AA,142.36,671.1,35387,435
BOS,JFK,WN,181.94,671.1,23332,233
BOS,JFK,AS,139.48,671.1,24488,362
BOS,JFK,NK,174.82,671.1,68052,314
BOS,SFO,DL,332.22,2317.53,108312,94
BOS,SFO,B6,268.68,2317.53,116292,499
BOS,SFO,WN,230.15,2317.53,87049,119
BOS,MIA,AA,228.77,2410.63,54336,91
BOS,MIA,B6,313.15,2410.63,87106,24
BOS,MIA,WN,332.21,2410.63,83183,331
BOS,MIA,NK,234.32,2410.63,34512,486
BOS,SEA,DL,464.27,2552.08,11444,21
BOS,SEA,F9,439.09,2552.08,96307,267
BOS,SEA,UA,394.28,2552.08,82545,158
BOS,SEA,B6,379.96,2552.08,87202,427
BOS,SEA,WN,441.81,2552.08,108024,289
BOS,LAS,B6,153.95,701.79,115866,277
BOS,LAS,UA,144.9,701.79,67758,129
BOS,LAS,F9,160.12,701.79,75353,269
BOS,LAS,DL,126.32,701.79,49494,15
BOS,PHX,UA,169.41,1346.97,87870,441
BOS,PHX,AA,244.27,1346.97,24070,204
BOS,PHX,NK,168.55,1346.97,74349,314
BOS,PHX,F9,169.19,1346.97,53352,341
BOS,PHX,AS,168.44,1346.97,88053,90
BOS,IAH,F9,263.18,1799.75,118964,247
BOS,IAH,AS,294.13,1799.75,95685,306
BOS,IAH,B6,316.39,1799.75,88354,254
BOS,IAH,UA,279.52,1799.75,87608,146
BOS,IAH,DL,273.7,1799.75,6153,127
BOS,MCO,B6,291.92,2561.8,76649,191
BOS,EWR,AA,171.49,742.57,117647,293
BOS,EWR,WN,129.88,742.57,73662,380
BOS,EWR,B6,139.13,742.57,49964,408
BOS,EWR,DL,155.29,742.57,60824,449
BOS,MSP,UA,402.5,2511.92,92513,437
BOS,MSP,F9,355.18,2511.92,80430,289
BOS,MSP,AS,417.01,2511.92,33091,489
BOS,MSP,AA,364.7,2511.92,80690,146
BOS,DTW,B6,129.17,329.04,13896,91
BOS,DTW,DL,141.8,329.04,47105,134
BOS,DTW,AA,145.07,329.04,108702,150
BOS,DTW,WN,139.63,329.04,71622,10
BOS,PHL,WN,380.51,1835.2,18517,212
BOS,PHL,UA,257.8,1835.2,63352,395
BOS,PHL,B6,301.05,1835.2,69602,304
BOS,PHL,F9,298.07,1835.2,9432,329
BOS,PHL,DL,244.85,1835.2,109685,163
BOS,LGA,WN,367.5,2796.78,117948,381
BOS,CLT,AS,265.33,2188.73,107305,430
BOS,CLT,F9,271.55,2188.73,114943,218
LAS,ATL,WN,151.86,833.36,117736,105
LAS,LAX,AA,188.67,1103.04,53008,434
LAS,LAX,UA,158.36,1103.04,92293,94
LAS,ORD,B6,180.01,1538.98,81277,172
LAS,ORD,NK,173.03,1538.98,85734,108
LAS,ORD,UA,200.35,1538.98,91859,24
LAS,DFW,NK,430.06,2541.44,9063,74
LAS,DFW,WN,336.94,2541.44,92275,285
LAS,DFW,AA,426.54,2541.44,75635,332
LAS,DFW,F9,389.15,2541.44,5982,499
LAS,DFW,B6,422.28,2541.44,119454,453
LAS,DEN,F9,106.69,542.25,36003,444
LAS,DEN,NK,126.49,542.25,14208,439
LAS,DEN,B6,117.76,542.25,43288,480
LAS,DEN,DL,117.97,542.25,52210,494
LAS,JFK,NK,311.0,1646.01,33133,307
LAS,JFK,B6,310.68,1646.01,52381,291
LAS,JFK,AS,258.61,1646.01,58217,269
LAS,SFO,B6,212.81,1150.71,41598,35
LAS,SFO,AS,152.65,1150.71,15002,79
LAS,SFO,AA,194.7,1150.71,95183,102
LAS,SFO,UA,216.46,1150.71,8179,409
LAS,MIA,AS,234.74,2522.88,15362,50
LAS,MIA,DL,320.8,2522.88,55875,41
LAS,MIA,F9,341.85,2522.88,30262,285
LAS,MIA,WN,333.24,2522.88,99158,423
LAS,SEA,WN,198.28,1326.97,16984,306
LAS,SEA,F9,224.83,1326.97,34566,316
LAS,SEA,UA,230.82,1326.97,7815,13
LAS,SEA,DL,189.51,1326.97,6942,345
LAS,BOS,B6,186.66,747.32,49827,359
LAS,BOS,NK,134.6,747.32,113901,472
LAS,BOS,DL,176.81,747.32,97566,324
LAS,BOS,UA,145.91,747.32,57504,220
LAS,BOS,F9,138.4,747.32,7053,233
LAS,PHX,UA,265.89,1086.87,64729,184
LAS,PHX,AA,281.25,1086.87,70953,302
LAS,PHX,F9,268.85,1086.87,59563,167
LAS,IAH,WN,240.25,2313.16,17651,410
LAS,IAH,DL,242.28,2313.16,48934,217
LAS,IAH,B6,258.34,2313.16,115304,76
LAS,MCO,NK,267.37,2051.5,52468,319
LAS,MCO,UA,233.17,2051.5,80223,483
LAS,EWR,AA,361.1,2036.98,21506,70
LAS,MSP,UA,188.94,752.61,59734,461
LAS,MSP,F9,213.7,752.61,63200,252
LAS,DTW,NK,209.97,1833.18,14086,153
LAS,DTW,DL,323.07,1833.18,93448,57
LAS,DTW,UA,313.96,1833.18,49325,446
LAS,PHL,B6,129.02,315.3,70866,252
LAS,PHL,F9,169.06,315.3,77676,212
LAS,PHL,NK,184.62,315.3,63571,296
LAS,PHL,WN,143.47,315.3,17257,50
LAS,PHL,AA,173.98,315.3,23160,461
LAS,LGA,F9,403.48,2627.46,18182,219
LAS,LGA,NK,289.77,2627.46,104378,94
LAS,LGA,AA,375.14,2627.46,84201,48
LAS,CLT,DL,159.53,433.68,30490,462
LAS,CLT,F9,132.67,433.68,63247,230
PHX,ATL,NK,153.91,420.23,107848,198
PHX,ATL,F9,175.42,420.23,35198,99
PHX,ATL,B6,118.96,420.23,41101,353
PHX,LAX,WN,283.72,2292.29,35673,356
PHX,LAX,B6,319.43,2292.29,56760,344
PHX,LAX,UA,324.73,2292.29,48659,249
PHX,LAX,AS,403.03,2292.29,44873,455
PHX,LAX,NK,421.24,2292.29,26296,49
PHX,ORD,UA,392.08,2661.16,93944,156
PHX,DFW,F9,221.5,1395.97,100659,350
PHX,DFW,AS,275.31,1395.97,38965,357
PHX,DFW,B6,216.61,1395.97,97789,96
PHX,DFW,AA,219.7,1395.97,4524,436
PHX,DFW,WN,262.29,1395.97,73256,360
PHX,DEN,DL,130.95,1184.08,71659,443
PHX,DEN,WN,174.0,1184.08,9317,208
PHX,JFK,AA,206.8,1122.38,4851,415
PHX,JFK,UA,200.39,1122.38,30586,289
PHX,SFO,UA,283.84,2419.43,2048,481
PHX,SFO,F9,399.1,2419.43,113644,334
PHX,SFO,B6,295.66,2419.43,97533,45
PHX,SFO,DL,429.05,2419.43,94236,235
PHX,SFO,NK,365.29,2419.43,62650,273
PHX,MIA,NK,157.81,1163.35,33805,353
PHX,SEA,B6,146.14,433.72,107906,195
PHX,SEA,UA,114.03,433.72,90734,318
PHX,SEA,WN,124.4,433.72,81704,370
PHX,BOS,DL,239.5,1909.12,70837,267
PHX,BOS,AA,263.33,1909.12,67673,457
PHX,BOS,AS,271.98,1909.12,71130,421
PHX,BOS,UA,252.47,1909.12,82039,227
PHX,BOS,F9,247.79,1909.12,77350,407
PHX,LAS,AA,378.6,2783.02,76361,438
PHX,LAS,UA,280.23,2783.02,63328,439
PHX,IAH,UA,120.6,391.07,96038,286
PHX,IAH,F9,119.53,391.07,98502,373
PHX,IAH,WN,82.77,391.07,33613,77
PHX,IAH,DL,84.1,391.07,119062,295
PHX,MCO,F9,183.75,1603.66,104354,67
PHX,MCO,DL,243.77,1603.66,85181,265
PHX,EWR,NK,322.96,2599.88,116048,98
PHX,MSP,AA,107.87,719.46,107482,104
PHX,MSP,AS,111.56,719.46,30649,11
PHX,MSP,B6,104.48,719.46,2633,277
PHX,MSP,NK,129.5,719.46,51085,204
PHX,MSP,DL,103.37,719.46,15522,25
PHX,DTW,F9,270.1,1669.35,25318,417
PHX,DTW,AS,258.62,1669.35,12681,479
PHX,DTW,WN,251.29,1669.35,95462,293
PHX,DTW,AA,346.22,1669.35,38427,342
PHX,DTW,B6,306.87,1669.35,32477,53
PHX,PHL,AA,361.07,2257.6,72633,109
PHX,PHL,NK,307.56,2257.6,41769,453
PHX,PHL,WN,308.7,2257.6,77662,356
PHX,PHL,UA,273.46,2257.6,104060,11
PHX,PHL,AS,375.86,2257.6,26525,18
PHX,LGA,NK,365.02,2343.42,43678,311
PHX,LGA,DL,291.38,2343.42,50201,48
PHX,LGA,AA,231.61,2343.42,43938,362
PHX,LGA,UA,291.15,2343.42,6539,469
PHX,CLT,NK,131.22,332.6,49123,54
PHX,CLT,UA,116.79,332.6,93424,440
PHX,CLT,AA,179.17,332.6,117391,125
PHX,CLT,AS,110.66,332.6,37487,238
IAH,ATL,AS,324.57,2231.06,69023,198
IAH,ATL,AA,316.74,2231.06,101819,109
IAH,ATL,WN,295.93,2231.06,56847,113
IAH,ATL,B6,315.6,2231.06,39061,203
IAH,ATL,UA,340.75,2231.06,70531,299
IAH,LAX,NK,306.16,2262.28,71270,294
IAH,LAX,DL,376.06,2262.28,68662,299
IAH,LAX,WN,312.03,2262.28,16007,359
IAH,LAX,B6,337.38,2262.28,87061,410
IAH,LAX,AS,251.83,2262.28,81026,25
IAH,ORD,NK,232.23,1433.84,60068,21
IAH,ORD,DL,204.13,1433.84,91360,74
IAH,ORD,UA,236.55,1433.84,3419,77
IAH,DFW,AS,278.89,1743.28,24980,164
IAH,DFW,WN,303.28,1743.28,10810,12
IAH,DFW,F9,358.25,1743.28,100252,469
IAH,DFW,B6,277.26,1743.28,75425,81
IAH,DEN,F9,210.4,1203.02,15937,243
IAH,JFK,DL,120.26,644.92,79421,48
IAH,JFK,AS,144.31,644.92,13157,418
IAH,JFK,NK,151.26,644.92,109917,84
IAH,SFO,DL,275.13,1780.55,57613,93
IAH,SFO,B6,324.8,1780.55,18969,254
IAH,SFO,AS,311.39,1780.55,44313,48
IAH,MIA,AA,232.09,2102.52,17787,293
IAH,MIA,NK,310.45,2102.52,45931,200
IAH,MIA,AS,331.2,2102.52,64214,33
IAH,MIA,UA,276.99,2102.52,42306,268
IAH,SEA,AA,214.83,1744.94,114485,435
IAH,SEA,NK,252.3,1744.94,507,19
IAH,BOS,DL,298.55,1880.3,92791,219
IAH,LAS,AA,168.55,828.18,111599,100
IAH,LAS,WN,120.57,828.18,66442,296
IAH,LAS,DL,131.86,828.18,80588,379
IAH,PHX,AA,259.2,1513.69,107563,92
IAH,PHX,F9,227.99,1513.69,90788,241
IAH,PHX,NK,206.96,1513.69,32005,224
IAH,MCO,NK,400.54,2653.99,104681,13
IAH,EWR,DL,244.51,1903.7,8233,304
IAH,EWR,AA,372.19,1903.7,49232,322
IAH,EWR,UA,353.27,1903.7,23830,463
IAH,EWR,B6,247.07,1903.7,106309,427
IAH,MSP,AS,103.64,764.82,115858,195
IAH,DTW,F9,223.65,2352.04,6247,46
IAH,DTW,AA,278.07,2352.04,106624,170
IAH,PHL,AA,383.21,2692.45,92337,344
IAH,LGA,B6,212.71,1704.44,38908,340
IAH,CLT,F9,321.96,1782.75,113904,186
IAH,CLT,WN,287.6,1782.75,17736,152
MCO,ATL,DL,459.96,2698.34,67958,252
MCO,ATL,WN,437.94,2698.34,27000,425
MCO,ATL,AS,306.43,2698.34,71071,471
MCO,ATL,AA,423.47,2698.34,101492,46
MCO,LAX,B6,178.97,1130.73,102039,322
MCO,ORD,WN,249.18,1470.68,116059,382
MCO,ORD,AS,213.03,1470.68,47678,278
MCO,ORD,DL,259.38,1470.68,100631,133
MCO,ORD,AA,258.34,1470.68,44723,87
MCO,DFW,AA,217.09,1388.55,59194,290
MCO,DFW,WN,313.42,1388.55,29208,138
MCO,DFW,UA,229.9,1388.55,117284,287
MCO,DFW,B6,217.27,1388.55,66479,165
MCO,DEN,AS,264.78,869.63,105068,445
MCO,DEN,NK,211.79,869.63,39548,80
MCO,JFK,AA,283.9,2340.76,92864,194
MCO,JFK,UA,381.93,2340.76,59349,190
MCO,JFK,NK,337.94,2340.76,10993,213
MCO,JFK,F9,310.72,2340.76,21400,103
MCO,JFK,WN,417.16,2340.76,96075,314
MCO,SFO,AS,323.67,2555.78,6071,368
MCO,MIA,AA,156.99,554.29,11422,246
MCO,MIA,AS,127.41,554.29,102593,208
MCO,MIA,B6,133.06,554.29,12919,361
MCO,SEA,UA,202.48,1121.33,58851,37
MCO,BOS,UA,185.04,359.48,49121,171
MCO,BOS,AS,185.08,359.48,107660,147
MCO,LAS,UA,331.4,2795.53,87906,234
MCO,PHX,AS,189.1,326.44,100055,480
MCO,PHX,NK,131.61,326.44,7155,66
MCO,PHX,AA,142.24,326.44,44705,378
MCO,IAH,AS,291.82,1936.69,34530,465
MCO,IAH,NK,277.46,1936.69,81454,234
MCO,EWR,AA,170.31,549.73,25569,247
MCO,EWR,NK,149.84,549.73,78482,486
MCO,EWR,WN,160.82,549.73,46881,312
MCO,MSP,AA,325.27,2177.49,1774,157
MCO,MSP,DL,279.86,2177.49,89306,165
MCO,MSP,AS,292.37,2177.49,101800,114
MCO,DTW,DL,301.99,2644.22,56652,323
MCO,DTW,AA,472.05,2644.22,92083,155
MCO,DTW,UA,306.83,2644.22,8942,163
MCO,DTW,AS,406.19,2644.22,82663,58
MCO,DTW,F9,475.39,2644.22,29516,182
MCO,PHL,UA,299.82,2573.26,45125,195
MCO,PHL,B6,286.8,2573.26,51345,40
MCO,PHL,F9,440.11,2573.26,53919,301
MCO,PHL,AS,276.91,2573.26,76208,19
MCO,PHL,DL,372.72,2573.26,52638,492
MCO,LGA,AA,235.08,1493.75,91654,255
MCO,LGA,F9,175.88,1493.75,66161,358
MCO,LGA,B6,218.24,1493.75,16924,499
MCO,LGA,WN,213.11,1493.75,29048,301
MCO,LGA,AS,177.95,1493.75,111685,307
MCO,CLT,WN,252.89,1281.58,99952,90
MCO,CLT,AA,199.18,1281.58,44300,121
MCO,CLT,NK,230.66,1281.58,21560,434
EWR,ATL,DL,256.62,1533.08,41539,470
EWR,LAX,UA,238.83,1643.1,8514,348
EWR,LAX,F9,246.84,1643.1,75562,86
EWR,LAX,AA,256.15,1643.1,29183,167
EWR,LAX,WN,263.31,1643.1,43888,45
EWR,ORD,AA,266.3,1728.29,117461,356
EWR,DFW,AS,204.06,910.71,71411,221
EWR,DEN,B6,158.3,520.97,29328,325
EWR,DEN,DL,124.39,520.97,1351,357
EWR,DEN,AA,169.09,520.97,44345,482
EWR,DEN,NK,127.86,520.97,60339,458
EWR,DEN,AS,142.56,520.97,74237,288
EWR,JFK,AS,178.0,519.32,78303,169
EWR,JFK,NK,149.79,519.32,22452,128
EWR,JFK,B6,138.15,519.32,111015,353
EWR,JFK,DL,186.35,519.32,105895,418
EWR,SFO,UA,177.66,1443.93,24949,246
EWR,MIA,AA,140.82,302.74,12405,441
EWR,MIA,AS,107.06,302.74,21747,394
EWR,MIA,B6,94.19,302.74,72685,106
EWR,MIA,DL,134.91,302.74,57050,96
EWR,SEA,UA,207.33,468.81,69238,277
EWR,BOS,F9,248.6,1384.34,66446,284
EWR,BOS,AS,235.88,1384.34,49183,291
EWR,BOS,AA,284.47,1384.34,11189,460
EWR,BOS,UA,264.77,1384.34,41518,247
EWR,BOS,NK,314.07,1384.34,90974,95
EWR,LAS,NK,242.21,1690.03,7098,405
EWR,PHX,WN,283.47,2213.97,112970,290
EWR,PHX,F9,344.77,2213.97,49709,89
EWR,PHX,B6,391.59,2213.97,67152,255
EWR,IAH,B6,362.66,2703.61,7501,273
EWR,IAH,UA,284.06,2703.61,18601,396
EWR,MCO,UA,221.44,1678.0,70840,484
EWR,MCO,AA,330.64,1678.0,110427,79
EWR,MCO,NK,326.3,1678.0,87333,40
EWR,MCO,DL,216.47,1678.0,33525,152
EWR,MSP,B6,309.84,2611.39,98512,225
EWR,MSP,AS,394.57,2611.39,47673,373
EWR,MSP,DL,417.01,2611.39,26227,354
EWR,MSP,NK,423.29,2611.39,17084,386
EWR,DTW,UA,97.45,390.29,7146,375
EWR,PHL,WN,167.55,628.0,65777,486
EWR,PHL,NK,196.31,628.0,17171,62
EWR,LGA,AS,174.37,784.91,100023,57
EWR,LGA,F9,195.01,784.91,55278,34
EWR,CLT,B6,352.76,2005.45,45645,314
EWR,CLT,WN,386.23,2005.45,30752,235
EWR,CLT,DL,313.81,2005.45,60389,213
EWR,CLT,AA,332.85,2005.45,118870,322
MSP,ATL,WN,382.42,2776.67,89974,361
MSP,ATL,DL,257.77,2776.67,97794,162
MSP,ATL,AA,379.6,2776.67,50060,30
MSP,ATL,AS,391.87,2776.67,113300,308
MSP,ATL,NK,393.55,2776.67,98682,121
MSP,LAX,AA,227.1,959.18,97738,151
MSP,ORD,NK,214.63,1279.71,11137,113
MSP,DFW,NK,232.32,1517.12,48589,463
MSP,DEN,NK,203.76,1451.26,117275,129
MSP,DEN,F9,247.65,1451.26,92306,88
MSP,DEN,WN,269.55,1451.26,11524,421
MSP,JFK,AS,257.68,1753.03,103158,345
MSP,JFK,UA,283.56,1753.03,5241,230
MSP,JFK,AA,358.4,1753.03,51816,360
MSP,JFK,NK,306.3,1753.03,40630,106
MSP,SFO,NK,121.21,321.34,49904,107
MSP,SFO,UA,167.79,321.34,17470,207
MSP,MIA,NK,120.65,593.68,19748,412
MSP,MIA,F9,147.29,593.68,54362,480
MSP,SEA,AS,181.92,678.26,111930,463
MSP,SEA,UA,183.69,678.26,5649,262
MSP,SEA,F9,219.55,678.26,78372,326
MSP,BOS,NK,165.24,668.8,41281,374
MSP,LAS,NK,185.69,959.17,44911,464
MSP,PHX,B6,354.71,2735.27,48424,196
MSP,PHX,WN,287.29,2735.27,70181,135
MSP,IAH,WN,323.69,2322.29,10813,197
MSP,IAH,NK,318.36,2322.29,111693,265
MSP,IAH,AA,228.48,2322.29,53671,378
MSP,MCO,AS,310.78,2245.91,90917,147
MSP,MCO,NK,277.33,2245.91,65954,242
MSP,MCO,WN,314.1,2245.91,53109,468
MSP,EWR,AS,345.93,2717.64,74466,448
MSP,EWR,DL,332.72,2717.64,36001,486
MSP,EWR,UA,366.37,2717.64,95937,267
MSP,DTW,DL,119.57,616.18,37927,284
MSP,DTW,WN,152.24,616.18,91954,303
MSP,DTW,F9,153.28,616.18,44021,489
MSP,DTW,UA,152.78,616.18,81545,166
MSP,PHL,DL,261.27,1789.86,49155,213
MSP,PHL,NK,293.51,1789.86,40095,103
MSP,PHL,UA,294.62,1789.86,15290,132
MSP,PHL,F9,246.55,1789.86,2275,151
MSP,PHL,WN,220.9,1789.86,18418,407
MSP,LGA,DL,399.25,2632.81,88016,343
MSP,LGA,UA,341.38,2632.81,71863,136
MSP,LGA,F9,390.43,2632.81,104392,491
MSP,LGA,WN,377.81,2632.81,54954,164
MSP,LGA,AA,299.67,2632.81,102310,168
MSP,CLT,AA,230.77,1716.43,101467,63
MSP,CLT,WN,255.75,1716.43,119442,19
DTW,ATL,DL,297.71,1539.21,47196,82
DTW,LAX,DL,263.3,1220.9,12608,295
DTW,ORD,AS,287.56,1206.87,37116,100
DTW,ORD,DL,306.01,1206.87,57247,268
DTW,ORD,NK,253.33,1206.87,105031,146
DTW,DFW,AA,299.44,1907.04,85448,356
DTW,DFW,F9,270.81,1907.04,3818,220
DTW,DFW,WN,229.44,1907.04,104916,389
DTW,DFW,DL,206.53,1907.04,108025,473
DTW,DEN,F9,210.23,1374.94,53811,249
DTW,DEN,WN,201.2,1374.94,946,476
DTW,DEN,DL,264.01,1374.94,8619,33
DTW,DEN,B6,262.08,1374.94,100533,192
DTW,JFK,F9,168.12,457.2,48667,275
DTW,JFK,B6,225.63,457.2,86782,28
DTW,SFO,UA,213.66,1509.61,96115,168
DTW,MIA,AS,315.12,1956.42,16217,319
DTW,MIA,WN,284.2,1956.42,39968,303
DTW,SEA,WN,339.88,2207.66,82753,263
DTW,BOS,AA,135.01,604.06,45832,88
DTW,BOS,DL,164.38,604.06,68408,100
DTW,LAS,UA,313.89,1739.03,64022,186
DTW,PHX,AS,270.12,1180.62,86912,475
DTW,PHX,B6,206.87,1180.62,31253,87
DTW,IAH,WN,266.13,2534.05,23346,196
DTW,IAH,AS,344.61,2534.05,112286,365
DTW,IAH,B6,414.53,2534.05,109067,435
DTW,IAH,DL,395.83,2534.05,29605,125
DTW,MCO,WN,226.29,1367.05,5055,56
DTW,MCO,F9,180.3,1367.05,119434,245
DTW,EWR,UA,247.5,1272.72,16332,423
DTW,MSP,WN,76.34,396.44,16842,61
DTW,MSP,F9,97.6,396.44,46928,497
DTW,PHL,WN,365.54,2065.22,65117,441
DTW,PHL,B6,328.2,2065.22,83110,372
DTW,PHL,AS,300.36,2065.22,100382,450
DTW,PHL,NK,383.79,2065.22,34352,254
DTW,PHL,DL,310.39,2065.22,26754,395
DTW,LGA,UA,496.1,2749.2,91051,82
DTW,LGA,DL,484.03,2749.2,21653,270
DTW,LGA,NK,429.3,2749.2,2713,396
DTW,CLT,B6,332.75,2093.39,90327,104
DTW,CLT,UA,348.1,2093.39,23914,191
DTW,CLT,DL,247.13,2093.39,53587,103
DTW,CLT,NK,371.09,2093.39,108117,182
DTW,CLT,AS,294.02,2093.39,28164,35
PHL,ATL,WN,329.89,2461.23,112577,282
PHL,ATL,NK,274.68,2461.23,7764,360
PHL,ATL,AS,307.0,2461.23,104437,63
PHL,ATL,F9,269.51,2461.23,108984,258
PHL,LAX,WN,389.31,2674.44,86116,86
PHL,LAX,NK,448.17,2674.44,2276,46
PHL,LAX,B6,427.69,2674.44,29303,99
PHL,ORD,AA,229.2,873.1,62566,207
PHL,ORD,B6,194.36,873.1,8791,151
PHL,ORD,UA,210.85,873.1,104145,195
PHL,ORD,WN,188.03,873.1,42236,47
PHL,DFW,DL,154.18,516.19,35583,299
PHL,DFW,UA,232.21,516.19,100957,185
PHL,DEN,NK,308.1,1723.94,76027,313
PHL,DEN,UA,290.85,1723.94,28224,240
PHL,DEN,AA,278.33,1723.94,72212,422
PHL,JFK,AA,306.57,2308.57,2880,232
PHL,JFK,WN,374.88,2308.57,21248,46
PHL,SFO,F9,212.81,1068.7,75417,376
PHL,SFO,AA,289.25,1068.7,56860,327
PHL,SFO,DL,238.1,1068.7,53391,300
PHL,SFO,NK,237.08,1068.7,85338,28
PHL,SFO,AS,294.91,1068.7,74738,252
PHL,MIA,DL,212.78,1365.91,30820,318
PHL,MIA,F9,226.13,1365.91,101489,234
PHL,SEA,AA,384.53,2709.59,62779,225
PHL,SEA,WN,314.16,2709.59,46691,336
PHL,SEA,UA,434.45,2709.59,27763,360
PHL,SEA,B6,427.51,2709.59,75429,367
PHL,BOS,WN,159.31,529.24,43598,25
PHL,BOS,AA,189.64,529.24,67673,412
PHL,BOS,B6,186.7,529.24,76288,103
PHL,LAS,DL,95.82,414.2,9577,22
PHL,LAS,F9,95.67,414.2,102027,423
PHL,PHX,B6,326.38,2298.85,1402,10
PHL,PHX,UA,285.41,2298.85,18886,297
PHL,PHX,F9,281.85,2298.85,61352,168
PHL,PHX,WN,319.95,2298.85,71902,232
PHL,IAH,NK,372.95,1782.71,116474,224
PHL,IAH,UA,264.38,1782.71,107483,465
PHL,IAH,B6,297.46,1782.71,46055,27
PHL,IAH,WN,360.75,1782.71,34176,26
PHL,MCO,NK,165.92,910.66,29413,29
PHL,EWR,NK,413.84,2707.22,14906,299
PHL,EWR,UA,326.39,2707.22,85706,301
PHL,EWR,B6,330.07,2707.22,91718,174
PHL,EWR,WN,274.96,2707.22,27486,199
PHL,EWR,DL,344.37,2707.22,78299,14
PHL,MSP,AS,150.4,575.3,61143,115
PHL,MSP,UA,141.9,575.3,56410,50
PHL,DTW,B6,332.77,2424.85,100567,211
PHL,DTW,F9,433.74,2424.85,46202,221
PHL,DTW,NK,349.83,2424.85,86674,162
PHL,LGA,B6,324.87,2163.32,34237,415
PHL,LGA,NK,259.47,2163.32,118030,72
PHL,LGA,UA,295.43,2163.32,52341,318
PHL,CLT,WN,195.34,989.47,30176,148
PHL,CLT,NK,180.52,989.47,115459,18
PHL,CLT,B6,211.88,989.47,69420,438
PHL,CLT,DL,206.54,989.47,86664,97
PHL,CLT,UA,163.87,989.47,19650,313
LGA,ATL,NK,394.44,2107.38,29142,352
LGA,ATL,DL,325.08,2107.38,107660,404
LGA,ATL,B6,323.43,2107.38,116149,449
LGA,LAX,DL,119.23,559.03,117706,238
LGA,LAX,F9,83.92,559.03,17419,98
LGA,LAX,NK,124.29,559.03,15592,399
LGA,ORD,F9,225.42,1117.06,68470,156
LGA,DFW,AS,162.93,629.78,5387,31
LGA,DFW,UA,165.91,629.78,40053,231
LGA,DFW,WN,168.23,629.78,111682,485
LGA,DFW,B6,154.45,629.78,8900,322
LGA,DEN,AA,160.29,368.46,115141,79
LGA,DEN,NK,140.54,368.46,102576,385
LGA,JFK,AS,240.88,1621.91,25444,182
LGA,JFK,NK,284.14,1621.91,82813,251
LGA,JFK,WN,268.9,1621.91,803,230
LGA,JFK,UA,209.45,1621.91,106165,303
LGA,SFO,WN,181.07,772.88,52476,53
LGA,SFO,AA,166.04,772.88,9999,287
LGA,SFO,UA,179.54,772.88,72685,463
LGA,SFO,AS,172.76,772.88,27330,103
LGA,SFO,B6,221.24,772.88,25468,90
LGA,MIA,AA,143.41,921.65,38871,218
LGA,MIA,NK,181.44,921.65,27751,19
LGA,SEA,WN,315.43,2085.51,97683,420
LGA,SEA,AS,274.59,2085.51,86749,430
LGA,SEA,F9,334.42,2085.51,71314,26
LGA,BOS,AS,188.67,1253.57,7069,422
LGA,BOS,F9,181.85,1253.57,86197,349
LGA,BOS,NK,219.36,1253.57,64370,156
LGA,BOS,DL,222.34,1253.57,8942,106
LGA,BOS,UA,204.72,1253.57,5420,440
LGA,LAS,AA,342.54,1641.4,48552,93
LGA,LAS,DL,324.77,1641.4,21731,322
LGA,LAS,NK,271.93,1641.4,37243,183
LGA,PHX,F9,203.46,1141.94,99954,112
LGA,PHX,NK,245.18,1141.94,17995,88
LGA,IAH,WN,184.2,1125.47,14630,459
LGA,IAH,AA,185.64,1125.47,1805,122
LGA,IAH,DL,188.07,1125.47,26356,249
LGA,IAH,NK,169.21,1125.47,58299,364
LGA,IAH,AS,230.35,1125.47,16602,229
LGA,MCO,AS,311.96,2439.76,63203,187
LGA,MCO,NK,340.78,2439.76,98922,137
LGA,MCO,AA,331.54,2439.76,118287,98
LGA,MCO,WN,316.49,2439.76,36937,117
LGA,EWR,DL,355.37,2653.91,30755,294
LGA,MSP,F9,93.44,372.61,104361,75
LGA,MSP,DL,102.3,372.61,71302,44
LGA,MSP,NK,117.71,372.61,105299,389
LGA,DTW,DL,219.26,1435.55,21918,77
LGA,PHL,AA,320.74,1398.37,54709,142
LGA,PHL,UA,316.51,1398.37,87080,246
LGA,PHL,F9,302.89,1398.37,96136,62
LGA,CLT,F9,217.59,564.68,79237,103
LGA,CLT,UA,141.59,564.68,35064,194
LGA,CLT,NK,183.77,564.68,84362,284
LGA,CLT,WN,216.28,564.68,114846,88
CLT,ATL,UA,175.36,749.7,5756,309
CLT,ATL,F9,167.0,749.7,102990,207
CLT,ATL,B6,172.12,749.7,52168,154
CLT,ATL,AA,135.37,749.7,93903,269
CLT,LAX,WN,177.63,922.76,75657,49
CLT,LAX,F9,133.91,922.76,104627,76
CLT,ORD,DL,395.27,2748.32,60516,31
CLT,DFW,AS,303.39,1682.0,97853,352
CLT,DFW,F9,352.96,1682.0,117266,47
CLT,DEN,AA,335.09,2033.96,30061,190
CLT,DEN,NK,333.49,2033.96,14074,327
CLT,DEN,WN,282.28,2033.96,81404,191
CLT,DEN,UA,335.08,2033.96,23857,386
CLT,JFK,F9,121.09,555.06,119161,208
CLT,SFO,WN,238.3,1436.01,47779,86
CLT,SFO,DL,166.13,1436.01,19419,100
CLT,SFO,B6,221.03,1436.01,49898,360
CLT,MIA,NK,398.96,2571.93,697,428
CLT,MIA,F9,313.68,2571.93,26124,158
CLT,MIA,DL,331.03,2571.93,39091,459
CLT,SEA,B6,260.24,1555.51,67159,482
CLT,BOS,AA,95.39,352.02,113245,359
CLT,BOS,UA,114.32,352.02,49982,360
CLT,BOS,WN,80.76,352.02,46291,402
CLT,LAS,WN,251.64,1420.49,92511,213
CLT,LAS,NK,224.59,1420.49,56485,117
CLT,LAS,AS,256.05,1420.49,21466,316
CLT,PHX,NK,193.37,762.47,62649,97
CLT,PHX,DL,253.14,762.47,21473,300
CLT,PHX,UA,163.0,762.47,20634,51
CLT,IAH,AS,266.97,2323.8,86236,381
CLT,IAH,B6,237.41,2323.8,21165,156
CLT,IAH,AA,226.62,2323.8,15838,483
CLT,IAH,DL,346.45,2323.8,113836,403
CLT,MCO,WN,236.33,1094.37,92398,129
CLT,MCO,AA,199.8,1094.37,57633,352
CLT,MCO,DL,261.34,1094.37,94898,340
CLT,MCO,B6,192.0,1094.37,54056,328
CLT,EWR,UA,213.45,1242.46,34475,23
CLT,EWR,AA,217.8,1242.46,85212,183
CLT,EWR,WN,172.27,1242.46,13226,380
CLT,MSP,WN,240.57,1936.75,5801,303
CLT,DTW,WN,115.63,741.95,109137,49
CLT,DTW,AS,153.22,741.95,49273,271
CLT,DTW,DL,163.81,741.95,87367,67
CLT,DTW,AA,128.65,741.95,93722,88
CLT,DTW,B6,132.75,741.95,114497,223
CLT,PHL,F9,240.85,2208.94,43323,285
CLT,PHL,WN,257.32,2208.94,8166,166
CLT,PHL,UA,224.22,2208.94,98814,438
CLT,PHL,AA,207.07,2208.94,88805,416
CLT,PHL,B6,229.92,2208.94,51390,485
CLT,LGA,F9,190.38,911.38,43398,208
CLT,LGA,WN,160.39,911.38,84098,494
CLT,LGA,AS,160.2,911.38,114560,169
CLT,LGA,B6,187.93,911.38,102090,315
CLT,LGA,NK,186.23,911.38,57561,121
