Origin,Dest,Carrier,total_passengers,row_count,avg_fare_weighted,avg_distance_weighted,route_total_passengers_all,route_total_passengers_valid,carriers_on_route_all,carriers_on_route_valid,route_share,route_HHI,route_avg_fare_all,route_min_fare_all
ATL,BOS,AA,9490,89,230.59,2212.73,81072,81072,2,2,0.1171,7932.0,305.33,230.59
ATL,BOS,AS,71582,337,315.24,2212.73,81072,81072,2,2,0.8829,7932.0,305.33,230.59
ATL,CLT,B6,70094,265,350.05,2424.34,111014,111014,2,2,0.6314,5345.0,374.68,350.05
ATL,CLT,UA,40920,218,416.87,2424.34,111014,111014,2,2,0.3686,5345.0,374.68,350.05
ATL,DEN,B6,105394,378,213.41,1387.34,409696,409696,5,5,0.2572,2137.0,263.19,210.61
ATL,DEN,DL,82687,42,333.9,1387.34,409696,409696,5,5,0.2018,2137.0,263.19,210.61
ATL,DEN,F9,77960,285,279.5,1387.34,409696,409696,5,5,0.1903,2137.0,263.19,210.61
ATL,DEN,NK,44095,311,210.61,1387.34,409696,409696,5,5,0.1076,2137.0,263.19,210.61
ATL,DEN,WN,99560,155,267.69,1387.34,409696,409696,5,5,0.243,2137.0,263.19,210.61
ATL,DFW,AS,63781,266,191.12,1232.56,180394,180394,3,3,0.3536,3944.0,179.85,145.95
ATL,DFW,B6,89675,387,182.02,1232.56,180394,180394,3,3,0.4971,3944.0,179.85,145.95
ATL,DFW,NK,26938,180,145.95,1232.56,180394,180394,3,3,0.1493,3944.0,179.85,145.95
ATL,DTW,AS,49329,222,141.19,797.78,255045,255045,4,4,0.1934,2766.0,131.67,101.54
ATL,DTW,F9,98768,171,153.05,797.78,255045,255045,4,4,0.3873,2766.0,131.67,101.54
ATL,DTW,NK,59863,302,112.27,797.78,255045,255045,4,4,0.2347,2766.0,131.67,101.54
ATL,DTW,UA,47085,350,101.54,797.78,255045,255045,4,4,0.1846,2766.0,131.67,101.54
ATL,EWR,F9,25422,257,162.61,558.92,234206,234206,3,3,0.1085,4094.0,154.19,146.6
ATL,EWR,NK,106905,95,146.6,558.92,234206,234206,3,3,0.4565,4094.0,154.19,146.6
ATL,EWR,WN,101879,367,160.06,558.92,234206,234206,3,3,0.435,4094.0,154.19,146.6
ATL,IAH,DL,33304,476,210.8,1269.7,216077,216077,3,3,0.1541,3855.0,186.45,152.88
ATL,IAH,F9,100964,42,152.88,1269.7,216077,216077,3,3,0.4673,3855.0,186.45,152.88
ATL,IAH,UA,81809,416,217.97,1269.7,216077,216077,3,3,0.3786,3855.0,186.45,152.88
ATL,JFK,AS,119038,212,171.45,877.36,242418,242418,4,4,0.491,3720.0,166.89,143.4
ATL,JFK,B6,5573,352,190.11,877.36,242418,242418,4,4,0.023,3720.0,166.89,143.4
ATL,JFK,NK,77949,145,143.4,877.36,242418,242418,4,4,0.3215,3720.0,166.89,143.4
ATL,JFK,WN,39858,446,195.99,877.36,242418,242418,4,4,0.1644,3720.0,166.89,143.4
ATL,LAS,AA,101469,493,356.17,2683.96,101469,101469,1,1,1.0,10000.0,356.17,356.17
ATL,LAX,AA,54999,458,287.09,2258.02,99349,99349,2,2,0.5536,5057.0,291.25,287.09
ATL,LAX,NK,44350,462,296.41,2258.02,99349,99349,2,2,0.4464,5057.0,291.25,287.09
ATL,LGA,B6,91713,204,267.96,2355.41,244606,244606,3,3,0.3749,3807.0,267.4,246.09
ATL,LGA,UA,39848,80,326.58,2355.41,244606,244606,3,3,0.1629,3807.0,267.4,246.09
ATL,LGA,WN,113045,490,246.09,2355.41,244606,244606,3,3,0.4622,3807.0,267.4,246.09
ATL,MCO,F9,99762,25,208.03,700.85,170360,170360,2,2,0.5856,5147.0,191.13,167.26
ATL,MCO,UA,70598,483,167.26,700.85,170360,170360,2,2,0.4144,5147.0,191.13,167.26
ATL,MIA,AA,102693,130,206.73,1541.59,250779,250779,5,5,0.4095,2979.0,241.75,206.73
ATL,MIA,B6,51490,178,260.33,1541.59,250779,250779,5,5,0.2053,2979.0,241.75,206.73
ATL,MIA,F9,2362,50,275.31,1541.59,250779,250779,5,5,0.0094,2979.0,241.75,206.73
ATL,MIA,NK,70504,157,272.44,1541.59,250779,250779,5,5,0.2811,2979.0,241.75,206.73
ATL,MIA,UA,23730,112,258.44,1541.59,250779,250779,5,5,0.0946,2979.0,241.75,206.73
ATL,MSP,WN,102836,404,365.27,2386.28,102836,102836,1,1,1.0,10000.0,365.27,365.27
ATL,ORD,B6,55271,14,244.96,1809.8,174693,174693,2,2,0.3164,5674.0,261.7,244.96
ATL,ORD,WN,119422,102,269.45,1809.8,174693,174693,2,2,0.6836,5674.0,261.7,244.96
ATL,PHL,AA,100322,329,255.27,1601.29,358368,358368,4,4,0.2799,2563.0,254.88,214.73
ATL,PHL,B6,106777,437,214.73,1601.29,358368,358368,4,4,0.298,2563.0,254.88,214.73
ATL,PHL,DL,78210,263,228.31,1601.29,358368,358368,4,4,0.2182,2563.0,254.88,214.73
ATL,PHL,F9,73059,381,341.48,1601.29,358368,358368,4,4,0.2039,2563.0,254.88,214.73
ATL,PHX,AA,67448,352,170.48,1143.82,258444,258444,3,3,0.261,3475.0,203.02,170.48
ATL,PHX,UA,109970,248,235.56,1143.82,258444,258444,3,3,0.4255,3475.0,203.02,170.48
ATL,PHX,WN,81026,52,185.94,1143.82,258444,258444,3,3,0.3135,3475.0,203.02,170.48
ATL,SEA,AA,21715,114,229.52,548.65,156844,156844,3,3,0.1384,4575.0,187.78,170.19
ATL,SEA,F9,38814,222,208.07,548.65,156844,156844,3,3,0.2475,4575.0,187.78,170.19
ATL,SEA,WN,96315,346,170.19,548.65,156844,156844,3,3,0.6141,4575.0,187.78,170.19
ATL,SFO,AA,59384,11,157.97,401.36,221917,221917,3,3,0.2676,3640.0,176.85,141.55
ATL,SFO,B6,56862,48,141.55,401.36,221917,221917,3,3,0.2562,3640.0,176.85,141.55
ATL,SFO,DL,105671,284,206.45,401.36,221917,221917,3,3,0.4762,3640.0,176.85,141.55
BOS,ATL,F9,62759,39,218.01,2357.98,249335,249335,3,3,0.2517,3517.0,226.94,218.01
BOS,ATL,NK,77196,133,224.09,2357.98,249335,249335,3,3,0.3096,3517.0,226.94,218.01
BOS,ATL,WN,109380,447,234.07,2357.98,249335,249335,3,3,0.4387,3517.0,226.94,218.01
BOS,CLT,AS,107305,430,265.33,2188.73,222248,222248,2,2,0.4828,5006.0,268.55,265.33
BOS,CLT,F9,114943,218,271.55,2188.73,222248,222248,2,2,0.5172,5006.0,268.55,265.33
BOS,DEN,WN,16265,205,266.4,1458.12,16265,16265,1,1,1.0,10000.0,266.4,266.4
BOS,DFW,AA,80527,29,284.18,2261.14,413585,413585,5,5,0.1947,2147.0,286.62,281.71
BOS,DFW,DL,109306,264,282.77,2261.14,413585,413585,5,5,0.2643,2147.0,286.62,281.71
BOS,DFW,F9,52273,280,306.63,2261.14,413585,413585,5,5,0.1264,2147.0,286.62,281.71
BOS,DFW,NK,65095,341,288.04,2261.14,413585,413585,5,5,0.1574,2147.0,286.62,281.71
BOS,DFW,UA,106384,341,281.71,2261.14,413585,413585,5,5,0.2572,2147.0,286.62,281.71
BOS,DTW,AA,108702,150,145.07,329.04,241325,241325,4,4,0.4504,3324.0,141.9,129.17
BOS,DTW,B6,13896,91,129.17,329.04,241325,241325,4,4,0.0576,3324.0,141.9,129.17
BOS,DTW,DL,47105,134,141.8,329.04,241325,241325,4,4,0.1952,3324.0,141.9,129.17
BOS,DTW,WN,71622,10,139.63,329.04,241325,241325,4,4,0.2968,3324.0,141.9,129.17
BOS,EWR,AA,117647,293,171.49,742.57,302097,302097,4,4,0.3894,2789.0,152.73,129.88
BOS,EWR,B6,49964,408,139.13,742.57,302097,302097,4,4,0.1654,2789.0,152.73,129.88
BOS,EWR,DL,60824,449,155.29,742.57,302097,302097,4,4,0.2013,2789.0,152.73,129.88
BOS,EWR,WN,73662,380,129.88,742.57,302097,302097,4,4,0.2438,2789.0,152.73,129.88
BOS,IAH,AS,95685,306,294.13,1799.75,396764,396764,5,5,0.2412,2466.0,286.26,263.18
BOS,IAH,B6,88354,254,316.39,1799.75,396764,396764,5,5,0.2227,2466.0,286.26,263.18
BOS,IAH,DL,6153,127,273.7,1799.75,396764,396764,5,5,0.0155,2466.0,286.26,263.18
BOS,IAH,F9,118964,247,263.18,1799.75,396764,396764,5,5,0.2998,2466.0,286.26,263.18
BOS,IAH,UA,87608,146,279.52,1799.75,396764,396764,5,5,0.2208,2466.0,286.26,263.18
BOS,JFK,AA,35387,435,142.36,671.1,158195,158195,5,5,0.2237,2828.0,162.51,139.48
BOS,JFK,AS,24488,362,139.48,671.1,158195,158195,5,5,0.1548,2828.0,162.51,139.48
BOS,JFK,B6,6936,302,160.59,671.1,158195,158195,5,5,0.0438,2828.0,162.51,139.48
BOS,JFK,NK,68052,314,174.82,671.1,158195,158195,5,5,0.4302,2828.0,162.51,139.48
BOS,JFK,WN,23332,233,181.94,671.1,158195,158195,5,5,0.1475,2828.0,162.51,139.48
BOS,LAS,B6,115866,277,153.95,701.79,308471,308471,4,4,0.3756,2748.0,149.04,126.32
BOS,LAS,DL,49494,15,126.32,701.79,308471,308471,4,4,0.1604,2748.0,149.04,126.32
BOS,LAS,F9,75353,269,160.12,701.79,308471,308471,4,4,0.2443,2748.0,149.04,126.32
BOS,LAS,UA,67758,129,144.9,701.79,308471,308471,4,4,0.2197,2748.0,149.04,126.32
BOS,LAX,F9,59080,351,203.96,550.42,151128,151128,3,3,0.3909,4559.0,205.2,203.96
BOS,LAX,NK,82660,396,204.04,550.42,151128,151128,3,3,0.547,4559.0,205.2,203.96
BOS,LAX,WN,9388,35,223.22,550.42,151128,151128,3,3,0.0621,4559.0,205.2,203.96
BOS,LGA,WN,117948,381,367.5,2796.78,117948,117948,1,1,1.0,10000.0,367.5,367.5
BOS,MCO,B6,76649,191,291.92,2561.8,76649,76649,1,1,1.0,10000.0,291.92,291.92
BOS,MIA,AA,54336,91,228.77,2410.63,259137,259137,4,4,0.2097,2777.0,291.08,228.77
BOS,MIA,B6,87106,24,313.15,2410.63,259137,259137,4,4,0.3361,2777.0,291.08,228.77
BOS,MIA,NK,34512,486,234.32,2410.63,259137,259137,4,4,0.1332,2777.0,291.08,228.77
BOS,MIA,WN,83183,331,332.21,2410.63,259137,259137,4,4,0.321,2777.0,291.08,228.77
BOS,MSP,AA,80690,146,364.7,2511.92,286724,286724,4,4,0.2814,2753.0,380.26,355.18
BOS,MSP,AS,33091,489,417.01,2511.92,286724,286724,4,4,0.1154,2753.0,380.26,355.18
BOS,MSP,F9,80430,289,355.18,2511.92,286724,286724,4,4,0.2805,2753.0,380.26,355.18
BOS,MSP,UA,92513,437,402.5,2511.92,286724,286724,4,4,0.3227,2753.0,380.26,355.18
BOS,ORD,AA,74283,449,317.26,2172.56,271799,271799,4,4,0.2733,2776.0,283.24,224.48
BOS,ORD,AS,93234,148,300.27,2172.56,271799,271799,4,4,0.343,2776.0,283.24,224.48
BOS,ORD,DL,31426,492,288.54,2172.56,271799,271799,4,4,0.1156,2776.0,283.24,224.48
BOS,ORD,UA,72856,376,224.48,2172.56,271799,271799,4,4,0.2681,2776.0,283.24,224.48
BOS,PHL,B6,69602,304,301.05,1835.2,270588,270588,5,5,0.2572,2912.0,273.48,244.85
BOS,PHL,DL,109685,163,244.85,1835.2,270588,270588,5,5,0.4054,2912.0,273.48,244.85
BOS,PHL,F9,9432,329,298.07,1835.2,270588,270588,5,5,0.0349,2912.0,273.48,244.85
BOS,PHL,UA,63352,395,257.8,1835.2,270588,270588,5,5,0.2341,2912.0,273.48,244.85
BOS,PHL,WN,18517,212,380.51,1835.2,270588,270588,5,5,0.0684,2912.0,273.48,244.85
BOS,PHX,AA,24070,204,244.27,1346.97,327694,327694,5,5,0.0735,2275.0,174.42,168.44
BOS,PHX,AS,88053,90,168.44,1346.97,327694,327694,5,5,0.2687,2275.0,174.42,168.44
BOS,PHX,F9,53352,341,169.19,1346.97,327694,327694,5,5,0.1628,2275.0,174.42,168.44
BOS,PHX,NK,74349,314,168.55,1346.97,327694,327694,5,5,0.2269,2275.0,174.42,168.44
BOS,PHX,UA,87870,441,169.41,1346.97,327694,327694,5,5,0.2681,2275.0,174.42,168.44
BOS,SEA,B6,87202,427,379.96,2552.08,385522,385522,5,5,0.2262,2388.0,417.63,379.96
BOS,SEA,DL,11444,21,464.27,2552.08,385522,385522,5,5,0.0297,2388.0,417.63,379.96
BOS,SEA,F9,96307,267,439.09,2552.08,385522,385522,5,5,0.2498,2388.0,417.63,379.96
BOS,SEA,UA,82545,158,394.28,2552.08,385522,385522,5,5,0.2141,2388.0,417.63,379.96
BOS,SEA,WN,108024,289,441.81,2552.08,385522,385522,5,5,0.2802,2388.0,417.63,379.96
BOS,SFO,B6,116292,499,268.68,2317.53,311653,311653,3,3,0.3731,3380.0,280.0,230.15
BOS,SFO,DL,108312,94,332.22,2317.53,311653,311653,3,3,0.3475,3380.0,280.0,230.15
BOS,SFO,WN,87049,119,230.15,2317.53,311653,311653,3,3,0.2793,3380.0,280.0,230.15
CLT,ATL,AA,93903,269,135.37,749.7,254817,254817,4,4,0.3685,3416.0,156.58,135.37
CLT,ATL,B6,52168,154,172.12,749.7,254817,254817,4,4,0.2047,3416.0,156.58,135.37
CLT,ATL,F9,102990,207,167.0,749.7,254817,254817,4,4,0.4042,3416.0,156.58,135.37
CLT,ATL,UA,5756,309,175.36,749.7,254817,254817,4,4,0.0226,3416.0,156.58,135.37
CLT,BOS,AA,113245,359,95.39,352.02,209518,209518,3,3,0.5405,3979.0,96.67,80.76
CLT,BOS,UA,49982,360,114.32,352.02,209518,209518,3,3,0.2386,3979.0,96.67,80.76
CLT,BOS,WN,46291,402,80.76,352.02,209518,209518,3,3,0.2209,3979.0,96.67,80.76
CLT,DEN,AA,30061,190,335.09,2033.96,149396,149396,4,4,0.2012,3718.0,306.16,282.28
CLT,DEN,NK,14074,327,333.49,2033.96,149396,149396,4,4,0.0942,3718.0,306.16,282.28
CLT,DEN,UA,23857,386,335.08,2033.96,149396,149396,4,4,0.1597,3718.0,306.16,282.28
CLT,DEN,WN,81404,191,282.28,2033.96,149396,149396,4,4,0.5449,3718.0,306.16,282.28
CLT,DFW,AS,97853,352,303.39,1682.0,215119,215119,2,2,0.4549,5041.0,330.41,303.39
CLT,DFW,F9,117266,47,352.96,1682.0,215119,215119,2,2,0.5451,5041.0,330.41,303.39
CLT,DTW,AA,93722,88,128.65,741.95,453996,453996,5,5,0.2064,2128.0,135.99,115.63
CLT,DTW,AS,49273,271,153.22,741.95,453996,453996,5,5,0.1085,2128.0,135.99,115.63
CLT,DTW,B6,114497,223,132.75,741.95,453996,453996,5,5,0.2522,2128.0,135.99,115.63
CLT,DTW,DL,87367,67,163.81,741.95,453996,453996,5,5,0.1924,2128.0,135.99,115.63
CLT,DTW,WN,109137,49,115.63,741.95,453996,453996,5,5,0.2404,2128.0,135.99,115.63
CLT,EWR,AA,85212,183,217.8,1242.46,132913,132913,3,3,0.6411,4882.0,212.14,172.27
CLT,EWR,UA,34475,23,213.45,1242.46,132913,132913,3,3,0.2594,4882.0,212.14,172.27
CLT,EWR,WN,13226,380,172.27,1242.46,132913,132913,3,3,0.0995,4882.0,212.14,172.27
CLT,IAH,AA,15838,483,226.62,2323.8,237075,237075,4,4,0.0668,3753.0,299.8,226.62
CLT,IAH,AS,86236,381,266.97,2323.8,237075,237075,4,4,0.3637,3753.0,299.8,226.62
CLT,IAH,B6,21165,156,237.41,2323.8,237075,237075,4,4,0.0893,3753.0,299.8,226.62
CLT,IAH,DL,113836,403,346.45,2323.8,237075,237075,4,4,0.4802,3753.0,299.8,226.62
CLT,JFK,F9,119161,208,121.09,555.06,119161,119161,1,1,1.0,10000.0,121.09,121.09
CLT,LAS,AS,21466,316,256.05,1420.49,170462,170462,3,3,0.1259,4202.0,243.23,224.59
CLT,LAS,NK,56485,117,224.59,1420.49,170462,170462,3,3,0.3314,4202.0,243.23,224.59
CLT,LAS,WN,92511,213,251.64,1420.49,170462,170462,3,3,0.5427,4202.0,243.23,224.59
CLT,LAX,F9,104627,76,133.91,922.76,180284,180284,2,2,0.5803,5129.0,152.26,133.91
CLT,LAX,WN,75657,49,177.63,922.76,180284,180284,2,2,0.4197,5129.0,152.26,133.91
CLT,LGA,AS,114560,169,160.2,911.38,401707,401707,5,5,0.2852,2220.0,174.28,160.2
CLT,LGA,B6,102090,315,187.93,911.38,401707,401707,5,5,0.2541,2220.0,174.28,160.2
CLT,LGA,F9,43398,208,190.38,911.38,401707,401707,5,5,0.108,2220.0,174.28,160.2
CLT,LGA,NK,57561,121,186.23,911.38,401707,401707,5,5,0.1433,2220.0,174.28,160.2
CLT,LGA,WN,84098,494,160.39,911.38,401707,401707,5,5,0.2094,2220.0,174.28,160.2
CLT,MCO,AA,57633,352,199.8,1094.37,298985,298985,4,4,0.1928,2661.0,229.21,192.0
CLT,MCO,B6,54056,328,192.0,1094.37,298985,298985,4,4,0.1808,2661.0,229.21,192.0
CLT,MCO,DL,94898,340,261.34,1094.37,298985,298985,4,4,0.3174,2661.0,229.21,192.0
CLT,MCO,WN,92398,129,236.33,1094.37,298985,298985,4,4,0.309,2661.0,229.21,192.0
CLT,MIA,DL,39091,459,331.03,2571.93,65912,65912,3,3,0.5931,5089.0,324.87,313.68
CLT,MIA,F9,26124,158,313.68,2571.93,65912,65912,3,3,0.3963,5089.0,324.87,313.68
CLT,MIA,NK,697,428,398.96,2571.93,65912,65912,3,3,0.0106,5089.0,324.87,313.68
CLT,MSP,WN,5801,303,240.57,1936.75,5801,5801,1,1,1.0,10000.0,240.57,240.57
CLT,ORD,DL,60516,31,395.27,2748.32,60516,60516,1,1,1.0,10000.0,395.27,395.27
CLT,PHL,AA,88805,416,207.07,2208.94,290498,290498,5,5,0.3057,2635.0,223.4,207.07
CLT,PHL,B6,51390,485,229.92,2208.94,290498,290498,5,5,0.1769,2635.0,223.4,207.07
CLT,PHL,F9,43323,285,240.85,2208.94,290498,290498,5,5,0.1491,2635.0,223.4,207.07
CLT,PHL,UA,98814,438,224.22,2208.94,290498,290498,5,5,0.3402,2635.0,223.4,207.07
CLT,PHL,WN,8166,166,257.32,2208.94,290498,290498,5,5,0.0281,2635.0,223.4,207.07
CLT,PHX,DL,21473,300,253.14,762.47,104756,104756,3,3,0.205,4384.0,199.64,163.0
CLT,PHX,NK,62649,97,193.37,762.47,104756,104756,3,3,0.598,4384.0,199.64,163.0
CLT,PHX,UA,20634,51,163.0,762.47,104756,104756,3,3,0.197,4384.0,199.64,163.0
CLT,SEA,B6,67159,482,260.24,1555.51,67159,67159,1,1,1.0,10000.0,260.24,260.24
CLT,SFO,B6,49898,360,221.03,1436.01,117096,117096,3,3,0.4261,3755.0,218.97,166.13
CLT,SFO,DL,19419,100,166.13,1436.01,117096,117096,3,3,0.1658,3755.0,218.97,166.13
CLT,SFO,WN,47779,86,238.3,1436.01,117096,117096,3,3,0.408,3755.0,218.97,166.13
DEN,ATL,AA,102776,490,140.44,591.28,164419,164419,4,4,0.6251,4791.0,132.14,114.27
DEN,ATL,AS,7759,114,121.71,591.28,164419,164419,4,4,0.0472,4791.0,132.14,114.27
DEN,ATL,B6,6025,457,146.02,591.28,164419,164419,4,4,0.0366,4791.0,132.14,114.27
DEN,ATL,F9,47859,462,114.27,591.28,164419,164419,4,4,0.2911,4791.0,132.14,114.27
DEN,BOS,DL,102805,230,154.02,570.89,209090,209090,2,2,0.4917,5001.0,184.51,154.02
DEN,BOS,UA,106285,160,214.0,570.89,209090,209090,2,2,0.5083,5001.0,184.51,154.02
DEN,CLT,AS,29402,148,194.1,789.75,110040,110040,4,4,0.2672,3865.0,185.92,143.16
DEN,CLT,B6,2704,235,216.5,789.75,110040,110040,4,4,0.0246,3865.0,185.92,143.16
DEN,CLT,NK,19328,198,143.16,789.75,110040,110040,4,4,0.1756,3865.0,185.92,143.16
DEN,CLT,UA,58606,331,194.5,789.75,110040,110040,4,4,0.5326,3865.0,185.92,143.16
DEN,DFW,AS,72627,280,243.1,893.56,91017,91017,2,2,0.7979,6775.0,236.18,208.85
DEN,DFW,UA,18390,118,208.85,893.56,91017,91017,2,2,0.2021,6775.0,236.18,208.85
DEN,DTW,AA,79194,463,272.21,1969.29,130718,130718,2,2,0.6058,5224.0,254.53,227.35
DEN,DTW,F9,51524,38,227.35,1969.29,130718,130718,2,2,0.3942,5224.0,254.53,227.35
DEN,EWR,AA,88581,461,271.95,1504.82,108180,108180,2,2,0.8188,7033.0,270.65,264.77
DEN,EWR,B6,19599,423,264.77,1504.82,108180,108180,2,2,0.1812,7033.0,270.65,264.77
DEN,IAH,AA,15940,471,481.29,2700.05,342468,342468,5,5,0.0465,2495.0,415.85,303.87
DEN,IAH,AS,77899,288,440.55,2700.05,342468,342468,5,5,0.2275,2495.0,415.85,303.87
DEN,IAH,F9,111776,217,444.46,2700.05,342468,342468,5,5,0.3264,2495.0,415.85,303.87
DEN,IAH,NK,91613,232,403.86,2700.05,342468,342468,5,5,0.2675,2495.0,415.85,303.87
DEN,IAH,UA,45240,421,303.87,2700.05,342468,342468,5,5,0.1321,2495.0,415.85,303.87
DEN,JFK,AS,87928,363,241.07,2109.64,179387,179387,2,2,0.4902,5002.0,219.09,197.95
DEN,JFK,B6,91459,430,197.95,2109.64,179387,179387,2,2,0.5098,5002.0,219.09,197.95
DEN,LAS,AA,52665,244,383.44,2775.06,256485,256485,4,4,0.2053,3445.0,340.55,310.81
DEN,LAS,B6,4500,99,383.73,2775.06,256485,256485,4,4,0.0175,3445.0,340.55,310.81
DEN,LAS,F9,98709,297,310.81,2775.06,256485,256485,4,4,0.3849,3445.0,340.55,310.81
DEN,LAS,WN,100611,466,345.35,2775.06,256485,256485,4,4,0.3923,3445.0,340.55,310.81
DEN,LAX,AA,118136,36,230.58,2012.27,371985,371985,5,5,0.3176,2626.0,233.6,215.41
DEN,LAX,DL,98169,497,215.41,2012.27,371985,371985,5,5,0.2639,2626.0,233.6,215.41
DEN,LAX,F9,24539,65,241.95,2012.27,371985,371985,5,5,0.066,2626.0,233.6,215.41
DEN,LAX,NK,23504,140,281.32,2012.27,371985,371985,5,5,0.0632,2626.0,233.6,215.41
DEN,LAX,WN,107637,291,241.19,2012.27,371985,371985,5,5,0.2894,2626.0,233.6,215.41
DEN,LGA,AA,85472,160,156.41,1237.98,265724,265724,3,3,0.3217,3350.0,166.2,156.41
DEN,LGA,F9,83057,449,183.65,1237.98,265724,265724,3,3,0.3126,3350.0,166.2,156.41
DEN,LGA,NK,97195,242,159.91,1237.98,265724,265724,3,3,0.3658,3350.0,166.2,156.41
DEN,MCO,AS,53836,482,231.27,965.1,104462,104462,2,2,0.5154,5005.0,228.38,225.31
DEN,MCO,NK,50626,186,225.31,965.1,104462,104462,2,2,0.4846,5005.0,228.38,225.31
DEN,MIA,AA,82259,225,283.57,1757.25,371977,371977,5,5,0.2211,2234.0,261.23,245.12
DEN,MIA,AS,100983,423,248.09,1757.25,371977,371977,5,5,0.2715,2234.0,261.23,245.12
DEN,MIA,F9,39351,338,271.04,1757.25,371977,371977,5,5,0.1058,2234.0,261.23,245.12
DEN,MIA,UA,99619,303,245.12,1757.25,371977,371977,5,5,0.2678,2234.0,261.23,245.12
DEN,MIA,WN,49765,346,275.43,1757.25,371977,371977,5,5,0.1338,2234.0,261.23,245.12
DEN,MSP,AA,118332,25,276.18,2408.27,470106,470106,5,5,0.2517,2142.0,361.46,276.18
DEN,MSP,AS,52754,133,360.51,2408.27,470106,470106,5,5,0.1122,2142.0,361.46,276.18
DEN,MSP,B6,77519,169,403.41,2408.27,470106,470106,5,5,0.1649,2142.0,361.46,276.18
DEN,MSP,F9,109621,254,430.84,2408.27,470106,470106,5,5,0.2332,2142.0,361.46,276.18
DEN,MSP,UA,111880,330,355.05,2408.27,470106,470106,5,5,0.238,2142.0,361.46,276.18
DEN,ORD,B6,117987,416,328.91,1852.95,302927,302927,4,4,0.3895,3356.0,326.71,261.94
DEN,ORD,DL,69681,409,394.65,1852.95,302927,302927,4,4,0.23,3356.0,326.71,261.94
DEN,ORD,F9,109472,393,284.52,1852.95,302927,302927,4,4,0.3614,3356.0,326.71,261.94
DEN,ORD,WN,5787,165,261.94,1852.95,302927,302927,4,4,0.0191,3356.0,326.71,261.94
DEN,PHL,NK,88097,323,176.76,1559.75,88097,88097,1,1,1.0,10000.0,176.76,176.76
DEN,PHX,UA,68684,469,245.13,1975.37,116606,116606,2,2,0.589,5158.0,274.78,245.13
DEN,PHX,WN,47922,470,317.28,1975.37,116606,116606,2,2,0.411,5158.0,274.78,245.13
DEN,SEA,AA,33032,299,201.24,1638.16,245567,245567,5,5,0.1345,2470.0,261.55,201.24
DEN,SEA,B6,13993,405,218.23,1638.16,245567,245567,5,5,0.057,2470.0,261.55,201.24
DEN,SEA,DL,81605,448,275.58,1638.16,245567,245567,5,5,0.3323,2470.0,261.55,201.24
DEN,SEA,F9,50844,301,257.67,1638.16,245567,245567,5,5,0.207,2470.0,261.55,201.24
DEN,SEA,UA,66093,301,286.53,1638.16,245567,245567,5,5,0.2691,2470.0,261.55,201.24
DEN,SFO,AS,8998,156,423.87,2782.98,8998,8998,1,1,1.0,10000.0,423.87,423.87
DFW,ATL,AA,49694,292,387.32,2353.95,151268,151268,3,3,0.3285,4975.0,313.27,272.56
DFW,ATL,NK,7451,133,333.64,2353.95,151268,151268,3,3,0.0493,4975.0,313.27,272.56
DFW,ATL,UA,94123,250,272.56,2353.95,151268,151268,3,3,0.6222,4975.0,313.27,272.56
DFW,BOS,AA,8039,159,190.93,393.85,114764,114764,4,4,0.07,3088.0,150.32,132.12
DFW,BOS,AS,31802,120,132.88,393.85,114764,114764,4,4,0.2771,3088.0,150.32,132.12
DFW,BOS,NK,27885,431,189.21,393.85,114764,114764,4,4,0.243,3088.0,150.32,132.12
DFW,BOS,UA,47038,279,132.12,393.85,114764,114764,4,4,0.4099,3088.0,150.32,132.12
DFW,CLT,B6,102476,131,282.11,1318.12,276747,276747,3,3,0.3703,3481.0,266.29,231.96
DFW,CLT,NK,65036,229,299.04,1318.12,276747,276747,3,3,0.235,3481.0,266.29,231.96
DFW,CLT,UA,109235,20,231.96,1318.12,276747,276747,3,3,0.3947,3481.0,266.29,231.96
DFW,DEN,AS,22896,340,163.84,463.83,104539,104539,2,2,0.219,6579.0,173.26,163.84
DFW,DEN,UA,81643,381,175.9,463.83,104539,104539,2,2,0.781,6579.0,173.26,163.84
DFW,DTW,NK,116614,169,203.36,1824.36,196241,196241,2,2,0.5942,5177.0,204.01,203.36
DFW,DTW,UA,79627,73,204.95,1824.36,196241,196241,2,2,0.4058,5177.0,204.01,203.36
DFW,EWR,AA,4353,181,384.02,2350.87,126393,126393,4,4,0.0344,6785.0,364.62,324.0
DFW,EWR,AS,2219,203,324.0,2350.87,126393,126393,4,4,0.0176,6785.0,364.62,324.0
DFW,EWR,DL,17265,278,428.2,2350.87,126393,126393,4,4,0.1366,6785.0,364.62,324.0
DFW,EWR,F9,102556,291,353.97,2350.87,126393,126393,4,4,0.8114,6785.0,364.62,324.0
DFW,IAH,DL,112542,49,135.09,636.77,142627,142627,2,2,0.7891,6672.0,135.17,135.09
DFW,IAH,F9,30085,218,135.46,636.77,142627,142627,2,2,0.2109,6672.0,135.17,135.09
DFW,JFK,DL,56977,168,145.84,351.77,251796,251796,3,3,0.2263,3507.0,177.39,145.84
DFW,JFK,NK,99653,198,186.3,351.77,251796,251796,3,3,0.3958,3507.0,177.39,145.84
DFW,JFK,UA,95166,280,186.96,351.77,251796,251796,3,3,0.3779,3507.0,177.39,145.84
DFW,LAS,AA,69471,459,191.95,1286.8,101402,101402,3,3,0.6851,5208.0,200.76,191.95
DFW,LAS,AS,19035,56,223.49,1286.8,101402,101402,3,3,0.1877,5208.0,200.76,191.95
DFW,LAS,F9,12896,242,214.7,1286.8,101402,101402,3,3,0.1272,5208.0,200.76,191.95
DFW,LAX,AA,113910,437,319.52,2230.92,349230,349230,4,4,0.3262,3044.0,327.84,264.22
DFW,LAX,B6,16984,147,267.04,2230.92,349230,349230,4,4,0.0486,3044.0,327.84,264.22
DFW,LAX,F9,112718,104,405.03,2230.92,349230,349230,4,4,0.3228,3044.0,327.84,264.22
DFW,LAX,UA,105618,72,264.22,2230.92,349230,349230,4,4,0.3024,3044.0,327.84,264.22
DFW,LGA,F9,12588,28,176.3,1137.98,104237,104237,2,2,0.1208,7876.0,217.31,176.3
DFW,LGA,UA,91649,384,222.94,1137.98,104237,104237,2,2,0.8792,7876.0,217.31,176.3
DFW,MCO,F9,51531,266,234.89,2196.0,51531,51531,1,1,1.0,10000.0,234.89,234.89
DFW,MIA,AS,119963,352,250.36,1149.83,224960,224960,4,4,0.5333,3756.0,240.54,192.58
DFW,MIA,NK,11589,167,222.48,1149.83,224960,224960,4,4,0.0515,3756.0,240.54,192.58
DFW,MIA,UA,54395,451,257.12,1149.83,224960,224960,4,4,0.2418,3756.0,240.54,192.58
DFW,MIA,WN,39013,453,192.58,1149.83,224960,224960,4,4,0.1734,3756.0,240.54,192.58
DFW,MSP,AS,95498,479,319.18,1543.38,204777,204777,3,3,0.4664,4976.0,323.96,315.92
DFW,MSP,F9,108377,71,328.23,1543.38,204777,204777,3,3,0.5292,4976.0,323.96,315.92
DFW,MSP,NK,902,358,315.92,1543.38,204777,204777,3,3,0.0044,4976.0,323.96,315.92
DFW,ORD,AA,94633,280,284.89,1863.95,388573,388573,5,5,0.2435,2251.0,254.45,200.56
DFW,ORD,B6,62581,486,252.9,1863.95,388573,388573,5,5,0.1611,2251.0,254.45,200.56
DFW,ORD,DL,112821,290,270.41,1863.95,388573,388573,5,5,0.2903,2251.0,254.45,200.56
DFW,ORD,NK,33138,203,254.97,1863.95,388573,388573,5,5,0.0853,2251.0,254.45,200.56
DFW,ORD,UA,85400,147,200.56,1863.95,388573,388573,5,5,0.2198,2251.0,254.45,200.56
DFW,PHL,AA,18757,218,208.25,878.37,190795,190795,5,5,0.0983,2705.0,195.5,156.47
DFW,PHL,B6,45451,310,215.46,878.37,190795,190795,5,5,0.2382,2705.0,195.5,156.47
DFW,PHL,DL,79400,47,186.1,878.37,190795,190795,5,5,0.4162,2705.0,195.5,156.47
DFW,PHL,F9,26020,380,156.47,878.37,190795,190795,5,5,0.1364,2705.0,195.5,156.47
DFW,PHL,UA,21167,320,224.61,878.37,190795,190795,5,5,0.1109,2705.0,195.5,156.47
DFW,PHX,AA,78267,357,195.64,1816.14,78267,78267,1,1,1.0,10000.0,195.64,195.64
DFW,SEA,AA,73387,275,315.41,2126.95,141234,141234,3,3,0.5196,3955.0,319.7,315.41
DFW,SEA,DL,43957,78,319.27,2126.95,141234,141234,3,3,0.3112,3955.0,319.7,315.41
DFW,SEA,NK,23890,151,333.67,2126.95,141234,141234,3,3,0.1692,3955.0,319.7,315.41
DFW,SFO,AA,114044,105,356.43,2355.09,296175,296175,3,3,0.3851,3387.0,312.8,284.41
DFW,SFO,DL,83289,191,286.75,2355.09,296175,296175,3,3,0.2812,3387.0,312.8,284.41
DFW,SFO,WN,98842,158,284.41,2355.09,296175,296175,3,3,0.3337,3387.0,312.8,284.41
DTW,ATL,DL,47196,82,297.71,1539.21,47196,47196,1,1,1.0,10000.0,297.71,297.71
DTW,BOS,AA,45832,88,135.01,604.06,114240,114240,2,2,0.4012,5195.0,152.6,135.01
DTW,BOS,DL,68408,100,164.38,604.06,114240,114240,2,2,0.5988,5195.0,152.6,135.01
DTW,CLT,AS,28164,35,294.02,2093.39,304109,304109,5,5,0.0926,2604.0,328.91,247.13
DTW,CLT,B6,90327,104,332.75,2093.39,304109,304109,5,5,0.297,2604.0,328.91,247.13
DTW,CLT,DL,53587,103,247.13,2093.39,304109,304109,5,5,0.1762,2604.0,328.91,247.13
DTW,CLT,NK,108117,182,371.09,2093.39,304109,304109,5,5,0.3555,2604.0,328.91,247.13
DTW,CLT,UA,23914,191,348.1,2093.39,304109,304109,5,5,0.0786,2604.0,328.91,247.13
DTW,DEN,B6,100533,192,262.08,1374.94,163909,163909,4,4,0.6133,4867.0,244.81,201.2
DTW,DEN,DL,8619,33,264.01,1374.94,163909,163909,4,4,0.0526,4867.0,244.81,201.2
DTW,DEN,F9,53811,249,210.23,1374.94,163909,163909,4,4,0.3283,4867.0,244.81,201.2
DTW,DEN,WN,946,476,201.2,1374.94,163909,163909,4,4,0.0058,4867.0,244.81,201.2
DTW,DFW,AA,85448,356,299.44,1907.04,302207,302207,4,4,0.2827,3284.0,241.57,206.53
DTW,DFW,DL,108025,473,206.53,1907.04,302207,302207,4,4,0.3575,3284.0,241.57,206.53
DTW,DFW,F9,3818,220,270.81,1907.04,302207,302207,4,4,0.0126,3284.0,241.57,206.53
DTW,DFW,WN,104916,389,229.44,1907.04,302207,302207,4,4,0.3472,3284.0,241.57,206.53
DTW,EWR,UA,16332,423,247.5,1272.72,16332,16332,1,1,1.0,10000.0,247.5,247.5
DTW,IAH,AS,112286,365,344.61,2534.05,274304,274304,4,4,0.4093,3445.0,371.26,266.13
DTW,IAH,B6,109067,435,414.53,2534.05,274304,274304,4,4,0.3976,3445.0,371.26,266.13
DTW,IAH,DL,29605,125,395.83,2534.05,274304,274304,4,4,0.1079,3445.0,371.26,266.13
DTW,IAH,WN,23346,196,266.13,2534.05,274304,274304,4,4,0.0851,3445.0,371.26,266.13
DTW,JFK,B6,86782,28,225.63,457.2,135449,135449,2,2,0.6407,5396.0,204.97,168.12
DTW,JFK,F9,48667,275,168.12,457.2,135449,135449,2,2,0.3593,5396.0,204.97,168.12
DTW,LAS,UA,64022,186,313.89,1739.03,64022,64022,1,1,1.0,10000.0,313.89,313.89
DTW,LAX,DL,12608,295,263.3,1220.9,12608,12608,1,1,1.0,10000.0,263.3,263.3
DTW,LGA,DL,21653,270,484.03,2749.2,115417,115417,3,3,0.1876,6581.0,492.27,429.3
DTW,LGA,NK,2713,396,429.3,2749.2,115417,115417,3,3,0.0235,6581.0,492.27,429.3
DTW,LGA,UA,91051,82,496.1,2749.2,115417,115417,3,3,0.7889,6581.0,492.27,429.3
DTW,MCO,F9,119434,245,180.3,1367.05,124489,124489,2,2,0.9594,9221.0,182.17,180.3
DTW,MCO,WN,5055,56,226.29,1367.05,124489,124489,2,2,0.0406,9221.0,182.17,180.3
DTW,MIA,AS,16217,319,315.12,1956.42,56185,56185,2,2,0.2886,5894.0,293.12,284.2
DTW,MIA,WN,39968,303,284.2,1956.42,56185,56185,2,2,0.7114,5894.0,293.12,284.2
DTW,MSP,F9,46928,497,97.6,396.44,63770,63770,2,2,0.7359,6113.0,91.99,76.34
DTW,MSP,WN,16842,61,76.34,396.44,63770,63770,2,2,0.2641,6113.0,91.99,76.34
DTW,ORD,AS,37116,100,287.56,1206.87,199394,199394,3,3,0.1861,3946.0,274.83,253.33
DTW,ORD,DL,57247,268,306.01,1206.87,199394,199394,3,3,0.2871,3946.0,274.83,253.33
DTW,ORD,NK,105031,146,253.33,1206.87,199394,199394,3,3,0.5268,3946.0,274.83,253.33
DTW,PHL,AS,100382,450,300.36,2065.22,309715,309715,5,5,0.3241,2410.0,331.65,300.36
DTW,PHL,B6,83110,372,328.2,2065.22,309715,309715,5,5,0.2683,2410.0,331.65,300.36
DTW,PHL,DL,26754,395,310.39,2065.22,309715,309715,5,5,0.0864,2410.0,331.65,300.36
DTW,PHL,NK,34352,254,383.79,2065.22,309715,309715,5,5,0.1109,2410.0,331.65,300.36
DTW,PHL,WN,65117,441,365.54,2065.22,309715,309715,5,5,0.2102,2410.0,331.65,300.36
DTW,PHX,AS,86912,475,270.12,1180.62,118165,118165,2,2,0.7355,6109.0,253.39,206.87
DTW,PHX,B6,31253,87,206.87,1180.62,118165,118165,2,2,0.2645,6109.0,253.39,206.87
DTW,SEA,WN,82753,263,339.88,2207.66,82753,82753,1,1,1.0,10000.0,339.88,339.88
DTW,SFO,UA,96115,168,213.66,1509.61,96115,96115,1,1,1.0,10000.0,213.66,213.66
EWR,ATL,DL,41539,470,256.62,1533.08,41539,41539,1,1,1.0,10000.0,256.62,256.62
EWR,BOS,AA,11189,460,284.47,1384.34,259310,259310,5,5,0.0431,2522.0,273.29,235.88
EWR,BOS,AS,49183,291,235.88,1384.34,259310,259310,5,5,0.1897,2522.0,273.29,235.88
EWR,BOS,F9,66446,284,248.6,1384.34,259310,259310,5,5,0.2562,2522.0,273.29,235.88
EWR,BOS,NK,90974,95,314.07,1384.34,259310,259310,5,5,0.3508,2522.0,273.29,235.88
EWR,BOS,UA,41518,247,264.77,1384.34,259310,259310,5,5,0.1601,2522.0,273.29,235.88
EWR,CLT,AA,118870,322,332.85,2005.45,255656,255656,4,4,0.465,3183.0,338.33,313.81
EWR,CLT,B6,45645,314,352.76,2005.45,255656,255656,4,4,0.1785,3183.0,338.33,313.81
EWR,CLT,DL,60389,213,313.81,2005.45,255656,255656,4,4,0.2362,3183.0,338.33,313.81
EWR,CLT,WN,30752,235,386.23,2005.45,255656,255656,4,4,0.1203,3183.0,338.33,313.81
EWR,DEN,AA,44345,482,169.09,520.97,209600,209600,5,5,0.2116,2727.0,146.03,124.39
EWR,DEN,AS,74237,288,142.56,520.97,209600,209600,5,5,0.3542,2727.0,146.03,124.39
EWR,DEN,B6,29328,325,158.3,520.97,209600,209600,5,5,0.1399,2727.0,146.03,124.39
EWR,DEN,DL,1351,357,124.39,520.97,209600,209600,5,5,0.0064,2727.0,146.03,124.39
EWR,DEN,NK,60339,458,127.86,520.97,209600,209600,5,5,0.2879,2727.0,146.03,124.39
EWR,DFW,AS,71411,221,204.06,910.71,71411,71411,1,1,1.0,10000.0,204.06,204.06
EWR,DTW,UA,7146,375,97.45,390.29,7146,7146,1,1,1.0,10000.0,97.45,97.45
EWR,IAH,B6,7501,273,362.66,2703.61,26102,26102,2,2,0.2874,5904.0,306.65,284.06
EWR,IAH,UA,18601,396,284.06,2703.61,26102,26102,2,2,0.7126,5904.0,306.65,284.06
EWR,JFK,AS,78303,169,178.0,519.32,317665,317665,4,4,0.2465,2991.0,164.86,138.15
EWR,JFK,B6,111015,353,138.15,519.32,317665,317665,4,4,0.3495,2991.0,164.86,138.15
EWR,JFK,DL,105895,418,186.35,519.32,317665,317665,4,4,0.3334,2991.0,164.86,138.15
EWR,JFK,NK,22452,128,149.79,519.32,317665,317665,4,4,0.0707,2991.0,164.86,138.15
EWR,LAS,NK,7098,405,242.21,1690.03,7098,7098,1,1,1.0,10000.0,242.21,242.21
EWR,LAX,AA,29183,167,256.15,1643.1,157147,157147,4,4,0.1857,3466.0,252.73,238.83
EWR,LAX,F9,75562,86,246.84,1643.1,157147,157147,4,4,0.4808,3466.0,252.73,238.83
EWR,LAX,UA,8514,348,238.83,1643.1,157147,157147,4,4,0.0542,3466.0,252.73,238.83
EWR,LAX,WN,43888,45,263.31,1643.1,157147,157147,4,4,0.2793,3466.0,252.73,238.83
EWR,LGA,AS,100023,57,174.37,784.91,155301,155301,2,2,0.6441,5415.0,181.72,174.37
EWR,LGA,F9,55278,34,195.01,784.91,155301,155301,2,2,0.3559,5415.0,181.72,174.37
EWR,MCO,AA,110427,79,330.64,1678.0,302125,302125,4,4,0.3655,2845.0,291.11,216.47
EWR,MCO,DL,33525,152,216.47,1678.0,302125,302125,4,4,0.111,2845.0,291.11,216.47
EWR,MCO,NK,87333,40,326.3,1678.0,302125,302125,4,4,0.2891,2845.0,291.11,216.47
EWR,MCO,UA,70840,484,221.44,1678.0,302125,302125,4,4,0.2345,2845.0,291.11,216.47
EWR,MIA,AA,12405,441,140.82,302.74,163887,163887,4,4,0.0757,3412.0,113.6,94.19
EWR,MIA,AS,21747,394,107.06,302.74,163887,163887,4,4,0.1327,3412.0,113.6,94.19
EWR,MIA,B6,72685,106,94.19,302.74,163887,163887,4,4,0.4435,3412.0,113.6,94.19
EWR,MIA,DL,57050,96,134.91,302.74,163887,163887,4,4,0.3481,3412.0,113.6,94.19
EWR,MSP,AS,47673,373,394.57,2611.39,189496,189496,4,4,0.2516,3609.0,356.22,309.84
EWR,MSP,B6,98512,225,309.84,2611.39,189496,189496,4,4,0.5199,3609.0,356.22,309.84
EWR,MSP,DL,26227,354,417.01,2611.39,189496,189496,4,4,0.1384,3609.0,356.22,309.84
EWR,MSP,NK,17084,386,423.29,2611.39,189496,189496,4,4,0.0902,3609.0,356.22,309.84
EWR,ORD,AA,117461,356,266.3,1728.29,117461,117461,1,1,1.0,10000.0,266.3,266.3
EWR,PHL,NK,17171,62,196.31,628.0,82948,82948,2,2,0.207,6717.0,173.5,167.55
EWR,PHL,WN,65777,486,167.55,628.0,82948,82948,2,2,0.793,6717.0,173.5,167.55
EWR,PHX,B6,67152,255,391.59,2213.97,229831,229831,3,3,0.2922,3737.0,328.32,283.47
EWR,PHX,F9,49709,89,344.77,2213.97,229831,229831,3,3,0.2163,3737.0,328.32,283.47
EWR,PHX,WN,112970,290,283.47,2213.97,229831,229831,3,3,0.4915,3737.0,328.32,283.47
EWR,SEA,UA,69238,277,207.33,468.81,69238,69238,1,1,1.0,10000.0,207.33,207.33
EWR,SFO,UA,24949,246,177.66,1443.93,24949,24949,1,1,1.0,10000.0,177.66,177.66
IAH,ATL,AA,101819,109,316.74,2231.06,337281,337281,5,5,0.3019,2185.0,319.72,295.93
IAH,ATL,AS,69023,198,324.57,2231.06,337281,337281,5,5,0.2046,2185.0,319.72,295.93
IAH,ATL,B6,39061,203,315.6,2231.06,337281,337281,5,5,0.1158,2185.0,319.72,295.93
IAH,ATL,UA,70531,299,340.75,2231.06,337281,337281,5,5,0.2091,2185.0,319.72,295.93
IAH,ATL,WN,56847,113,295.93,2231.06,337281,337281,5,5,0.1685,2185.0,319.72,295.93
IAH,BOS,DL,92791,219,298.55,1880.3,92791,92791,1,1,1.0,10000.0,298.55,298.55
IAH,CLT,F9,113904,186,321.96,1782.75,131640,131640,2,2,0.8653,7669.0,317.33,287.6
IAH,CLT,WN,17736,152,287.6,1782.75,131640,131640,2,2,0.1347,7669.0,317.33,287.6
IAH,DEN,F9,15937,243,210.4,1203.02,15937,15937,1,1,1.0,10000.0,210.4,210.4
IAH,DFW,AS,24980,164,278.89,1743.28,211467,211467,4,4,0.1181,3686.0,317.18,277.26
IAH,DFW,B6,75425,81,277.26,1743.28,211467,211467,4,4,0.3567,3686.0,317.18,277.26
IAH,DFW,F9,100252,469,358.25,1743.28,211467,211467,4,4,0.4741,3686.0,317.18,277.26
IAH,DFW,WN,10810,12,303.28,1743.28,211467,211467,4,4,0.0511,3686.0,317.18,277.26
IAH,DTW,AA,106624,170,278.07,2352.04,112871,112871,2,2,0.9447,8955.0,275.06,223.65
IAH,DTW,F9,6247,46,223.65,2352.04,112871,112871,2,2,0.0553,8955.0,275.06,223.65
IAH,EWR,AA,49232,322,372.19,1903.7,187604,187604,4,4,0.2624,4081.0,293.28,244.51
IAH,EWR,B6,106309,427,247.07,1903.7,187604,187604,4,4,0.5667,4081.0,293.28,244.51
IAH,EWR,DL,8233,304,244.51,1903.7,187604,187604,4,4,0.0439,4081.0,293.28,244.51
IAH,EWR,UA,23830,463,353.27,1903.7,187604,187604,4,4,0.127,4081.0,293.28,244.51
IAH,JFK,AS,13157,418,144.31,644.92,202495,202495,3,3,0.065,4527.0,138.65,120.26
IAH,JFK,DL,79421,48,120.26,644.92,202495,202495,3,3,0.3922,4527.0,138.65,120.26
IAH,JFK,NK,109917,84,151.26,644.92,202495,202495,3,3,0.5428,4527.0,138.65,120.26
IAH,LAS,AA,111599,100,168.55,828.18,258629,258629,3,3,0.4315,3493.0,144.79,120.57
IAH,LAS,DL,80588,379,131.86,828.18,258629,258629,3,3,0.3116,3493.0,144.79,120.57
IAH,LAS,WN,66442,296,120.57,828.18,258629,258629,3,3,0.2569,3493.0,144.79,120.57
IAH,LAX,AS,81026,25,251.83,2262.28,324026,324026,5,5,0.2501,2305.0,316.06,251.83
IAH,LAX,B6,87061,410,337.38,2262.28,324026,324026,5,5,0.2687,2305.0,316.06,251.83
IAH,LAX,DL,68662,299,376.06,2262.28,324026,324026,5,5,0.2119,2305.0,316.06,251.83
IAH,LAX,NK,71270,294,306.16,2262.28,324026,324026,5,5,0.22,2305.0,316.06,251.83
IAH,LAX,WN,16007,359,312.03,2262.28,324026,324026,5,5,0.0494,2305.0,316.06,251.83
IAH,LGA,B6,38908,340,212.71,1704.44,38908,38908,1,1,1.0,10000.0,212.71,212.71
IAH,MCO,NK,104681,13,400.54,2653.99,104681,104681,1,1,1.0,10000.0,400.54,400.54
IAH,MIA,AA,17787,293,232.09,2102.52,170238,170238,4,4,0.1045,2877.0,301.77,232.09
IAH,MIA,AS,64214,33,331.2,2102.52,170238,170238,4,4,0.3772,2877.0,301.77,232.09
IAH,MIA,NK,45931,200,310.45,2102.52,170238,170238,4,4,0.2698,2877.0,301.77,232.09
IAH,MIA,UA,42306,268,276.99,2102.52,170238,170238,4,4,0.2485,2877.0,301.77,232.09
IAH,MSP,AS,115858,195,103.64,764.82,115858,115858,1,1,1.0,10000.0,103.64,103.64
IAH,ORD,DL,91360,74,204.13,1433.84,154847,154847,3,3,0.59,4991.0,215.75,204.13
IAH,ORD,NK,60068,21,232.23,1433.84,154847,154847,3,3,0.3879,4991.0,215.75,204.13
IAH,ORD,UA,3419,77,236.55,1433.84,154847,154847,3,3,0.0221,4991.0,215.75,204.13
IAH,PHL,AA,92337,344,383.21,2692.45,92337,92337,1,1,1.0,10000.0,383.21,383.21
IAH,PHX,AA,107563,92,259.2,1513.69,230356,230356,3,3,0.4669,3926.0,239.64,206.96
IAH,PHX,F9,90788,241,227.99,1513.69,230356,230356,3,3,0.3941,3926.0,239.64,206.96
IAH,PHX,NK,32005,224,206.96,1513.69,230356,230356,3,3,0.1389,3926.0,239.64,206.96
IAH,SEA,AA,114485,435,214.83,1744.94,114992,114992,2,2,0.9956,9912.0,215.0,214.83
IAH,SEA,NK,507,19,252.3,1744.94,114992,114992,2,2,0.0044,9912.0,215.0,214.83
IAH,SFO,AS,44313,48,311.39,1780.55,120895,120895,3,3,0.3665,3861.0,296.21,275.13
IAH,SFO,B6,18969,254,324.8,1780.55,120895,120895,3,3,0.1569,3861.0,296.21,275.13
IAH,SFO,DL,57613,93,275.13,1780.55,120895,120895,3,3,0.4766,3861.0,296.21,275.13
JFK,ATL,AA,73305,391,333.57,2085.79,284395,284395,4,4,0.2578,3070.0,285.96,241.59
JFK,ATL,B6,18814,400,323.47,2085.79,284395,284395,4,4,0.0662,3070.0,285.96,241.59
JFK,ATL,DL,78659,19,241.59,2085.79,284395,284395,4,4,0.2766,3070.0,285.96,241.59
JFK,ATL,WN,113617,76,279.75,2085.79,284395,284395,4,4,0.3995,3070.0,285.96,241.59
JFK,BOS,F9,108938,331,295.18,2535.67,108938,108938,1,1,1.0,10000.0,295.18,295.18
JFK,CLT,AA,101308,105,223.03,1192.34,311293,311293,5,5,0.3254,2906.0,195.8,171.73
JFK,CLT,AS,36531,49,171.73,1192.34,311293,311293,5,5,0.1174,2906.0,195.8,171.73
JFK,CLT,F9,117835,239,185.91,1192.34,311293,311293,5,5,0.3785,2906.0,195.8,171.73
JFK,CLT,NK,51683,286,180.15,1192.34,311293,311293,5,5,0.166,2906.0,195.8,171.73
JFK,CLT,WN,3936,241,219.72,1192.34,311293,311293,5,5,0.0126,2906.0,195.8,171.73
JFK,DEN,AA,31691,352,257.92,1807.32,46952,46952,2,2,0.675,5612.0,236.96,193.44
JFK,DEN,DL,15261,226,193.44,1807.32,46952,46952,2,2,0.325,5612.0,236.96,193.44
JFK,DFW,F9,1894,470,186.52,1661.71,1894,1894,1,1,1.0,10000.0,186.52,186.52
JFK,DTW,B6,5452,418,294.12,1822.4,98865,98865,3,3,0.0551,5820.0,276.94,207.23
JFK,DTW,F9,21253,480,207.23,1822.4,98865,98865,3,3,0.215,5820.0,276.94,207.23
JFK,DTW,WN,72160,497,296.18,1822.4,98865,98865,3,3,0.7299,5820.0,276.94,207.23
JFK,EWR,B6,10050,404,192.8,1312.34,10050,10050,1,1,1.0,10000.0,192.8,192.8
JFK,IAH,AA,106354,415,166.03,1495.8,340725,340725,4,4,0.3121,3290.0,199.76,166.03
JFK,IAH,AS,118505,409,190.6,1495.8,340725,340725,4,4,0.3478,3290.0,199.76,166.03
JFK,IAH,NK,113340,130,241.28,1495.8,340725,340725,4,4,0.3326,3290.0,199.76,166.03
JFK,IAH,WN,2526,11,186.8,1495.8,340725,340725,4,4,0.0074,3290.0,199.76,166.03
JFK,LAS,B6,75541,386,347.85,2626.46,184797,184797,2,2,0.4088,5166.0,342.6,338.97
JFK,LAS,F9,109256,384,338.97,2626.46,184797,184797,2,2,0.5912,5166.0,342.6,338.97
JFK,LAX,AA,88925,44,307.38,1713.55,127752,127752,4,4,0.6961,5323.0,299.44,259.1
JFK,LAX,DL,26094,242,259.1,1713.55,127752,127752,4,4,0.2043,5323.0,299.44,259.1
JFK,LAX,F9,9254,144,341.32,1713.55,127752,127752,4,4,0.0724,5323.0,299.44,259.1
JFK,LAX,WN,3479,278,287.75,1713.55,127752,127752,4,4,0.0272,5323.0,299.44,259.1
JFK,LGA,AS,73053,341,221.37,1045.34,195968,195968,3,3,0.3728,4656.0,225.33,187.02
JFK,LGA,B6,111404,272,231.89,1045.34,195968,195968,3,3,0.5685,4656.0,225.33,187.02
JFK,LGA,DL,11511,241,187.02,1045.34,195968,195968,3,3,0.0587,4656.0,225.33,187.02
JFK,MCO,AA,52058,347,198.51,751.12,215169,215169,4,4,0.2419,2595.0,194.33,140.67
JFK,MCO,AS,48477,181,140.67,751.12,215169,215169,4,4,0.2253,2595.0,194.33,140.67
JFK,MCO,DL,71157,489,225.53,751.12,215169,215169,4,4,0.3307,2595.0,194.33,140.67
JFK,MCO,UA,43477,54,198.09,751.12,215169,215169,4,4,0.2021,2595.0,194.33,140.67
JFK,MIA,AA,39037,428,174.65,419.46,201968,201968,5,5,0.1933,3090.0,162.95,151.99
JFK,MIA,AS,12888,155,168.1,419.46,201968,201968,5,5,0.0638,3090.0,162.95,151.99
JFK,MIA,B6,89897,62,153.12,419.46,201968,201968,5,5,0.4451,3090.0,162.95,151.99
JFK,MIA,DL,7433,114,151.99,419.46,201968,201968,5,5,0.0368,3090.0,162.95,151.99
JFK,MIA,UA,52713,65,171.35,419.46,201968,201968,5,5,0.261,3090.0,162.95,151.99
JFK,MSP,B6,5668,283,171.87,646.86,66031,66031,2,2,0.0858,8431.0,186.25,171.87
JFK,MSP,DL,60363,498,187.6,646.86,66031,66031,2,2,0.9142,8431.0,186.25,171.87
JFK,ORD,DL,94205,113,404.86,2685.48,139890,139890,2,2,0.6734,5601.0,404.09,402.5
JFK,ORD,F9,45685,215,402.5,2685.48,139890,139890,2,2,0.3266,5601.0,404.09,402.5
JFK,PHL,WN,94765,364,302.06,1955.78,94765,94765,1,1,1.0,10000.0,302.06,302.06
JFK,PHX,B6,77650,335,375.92,2491.61,234442,234442,5,5,0.3312,2771.0,366.56,285.57
JFK,PHX,DL,54033,127,285.57,2491.61,234442,234442,5,5,0.2305,2771.0,366.56,285.57
JFK,PHX,F9,23728,173,375.73,2491.61,234442,234442,5,5,0.1012,2771.0,366.56,285.57
JFK,PHX,NK,3503,369,366.84,2491.61,234442,234442,5,5,0.0149,2771.0,366.56,285.57
JFK,PHX,WN,75528,388,411.97,2491.61,234442,234442,5,5,0.3222,2771.0,366.56,285.57
JFK,SEA,AS,2336,337,383.37,2277.34,25159,25159,2,2,0.0928,8316.0,394.97,383.37
JFK,SEA,F9,22823,48,396.16,2277.34,25159,25159,2,2,0.9072,8316.0,394.97,383.37
JFK,SFO,NK,71958,145,272.9,1665.28,180891,180891,3,3,0.3978,3409.0,255.49,240.9
JFK,SFO,UA,49780,121,247.65,1665.28,180891,180891,3,3,0.2752,3409.0,255.49,240.9
JFK,SFO,WN,59153,351,240.9,1665.28,180891,180891,3,3,0.327,3409.0,255.49,240.9
LAS,ATL,WN,117736,105,151.86,833.36,117736,117736,1,1,1.0,10000.0,151.86,151.86
LAS,BOS,B6,49827,359,186.66,747.32,325851,325851,5,5,0.1529,2668.0,157.28,134.6
LAS,BOS,DL,97566,324,176.81,747.32,325851,325851,5,5,0.2994,2668.0,157.28,134.6
LAS,BOS,F9,7053,233,138.4,747.32,325851,325851,5,5,0.0216,2668.0,157.28,134.6
LAS,BOS,NK,113901,472,134.6,747.32,325851,325851,5,5,0.3495,2668.0,157.28,134.6
LAS,BOS,UA,57504,220,145.91,747.32,325851,325851,5,5,0.1765,2668.0,157.28,134.6
LAS,CLT,DL,30490,462,159.53,433.68,93737,93737,2,2,0.3253,5610.0,141.41,132.67
LAS,CLT,F9,63247,230,132.67,433.68,93737,93737,2,2,0.6747,5610.0,141.41,132.67
LAS,DEN,B6,43288,480,117.76,542.25,145709,145709,4,4,0.2971,2872.0,115.95,106.69
LAS,DEN,DL,52210,494,117.97,542.25,145709,145709,4,4,0.3583,2872.0,115.95,106.69
LAS,DEN,F9,36003,444,106.69,542.25,145709,145709,4,4,0.2471,2872.0,115.95,106.69
LAS,DEN,NK,14208,439,126.49,542.25,145709,145709,4,4,0.0975,2872.0,115.95,106.69
LAS,DFW,AA,75635,332,426.54,2541.44,302409,302409,5,5,0.2501,3130.0,396.88,336.94
LAS,DFW,B6,119454,453,422.28,2541.44,302409,302409,5,5,0.395,3130.0,396.88,336.94
LAS,DFW,F9,5982,499,389.15,2541.44,302409,302409,5,5,0.0198,3130.0,396.88,336.94
LAS,DFW,NK,9063,74,430.06,2541.44,302409,302409,5,5,0.03,3130.0,396.88,336.94
LAS,DFW,WN,92275,285,336.94,2541.44,302409,302409,5,5,0.3051,3130.0,396.88,336.94
LAS,DTW,DL,93448,57,323.07,1833.18,156859,156859,3,3,0.5957,4618.0,310.05,209.97
LAS,DTW,NK,14086,153,209.97,1833.18,156859,156859,3,3,0.0898,4618.0,310.05,209.97
LAS,DTW,UA,49325,446,313.96,1833.18,156859,156859,3,3,0.3145,4618.0,310.05,209.97
LAS,EWR,AA,21506,70,361.1,2036.98,21506,21506,1,1,1.0,10000.0,361.1,361.1
LAS,IAH,B6,115304,76,258.34,2313.16,181889,181889,3,3,0.6339,4836.0,252.26,240.25
LAS,IAH,DL,48934,217,242.28,2313.16,181889,181889,3,3,0.269,4836.0,252.26,240.25
LAS,IAH,WN,17651,410,240.25,2313.16,181889,181889,3,3,0.097,4836.0,252.26,240.25
LAS,JFK,AS,58217,269,258.61,1646.01,143731,143731,3,3,0.405,3499.0,289.66,258.61
LAS,JFK,B6,52381,291,310.68,1646.01,143731,143731,3,3,0.3644,3499.0,289.66,258.61
LAS,JFK,NK,33133,307,311.0,1646.01,143731,143731,3,3,0.2305,3499.0,289.66,258.61
LAS,LAX,AA,53008,434,188.67,1103.04,145301,145301,2,2,0.3648,5366.0,169.42,158.36
LAS,LAX,UA,92293,94,158.36,1103.04,145301,145301,2,2,0.6352,5366.0,169.42,158.36
LAS,LGA,AA,84201,48,375.14,2627.46,206761,206761,3,3,0.4072,4284.0,334.54,289.77
LAS,LGA,F9,18182,219,403.48,2627.46,206761,206761,3,3,0.0879,4284.0,334.54,289.77
LAS,LGA,NK,104378,94,289.77,2627.46,206761,206761,3,3,0.5048,4284.0,334.54,289.77
LAS,MCO,NK,52468,319,267.37,2051.5,132691,132691,2,2,0.3954,5219.0,246.69,233.17
LAS,MCO,UA,80223,483,233.17,2051.5,132691,132691,2,2,0.6046,5219.0,246.69,233.17
LAS,MIA,AS,15362,50,234.74,2522.88,200657,200657,4,4,0.0766,3504.0,323.53,234.74
LAS,MIA,DL,55875,41,320.8,2522.88,200657,200657,4,4,0.2785,3504.0,323.53,234.74
LAS,MIA,F9,30262,285,341.85,2522.88,200657,200657,4,4,0.1508,3504.0,323.53,234.74
LAS,MIA,WN,99158,423,333.24,2522.88,200657,200657,4,4,0.4942,3504.0,323.53,234.74
LAS,MSP,F9,63200,252,213.7,752.61,122934,122934,2,2,0.5141,5004.0,201.67,188.94
LAS,MSP,UA,59734,461,188.94,752.61,122934,122934,2,2,0.4859,5004.0,201.67,188.94
LAS,ORD,B6,81277,172,180.01,1538.98,258870,258870,3,3,0.314,3342.0,184.92,173.03
LAS,ORD,NK,85734,108,173.03,1538.98,258870,258870,3,3,0.3312,3342.0,184.92,173.03
LAS,ORD,UA,91859,24,200.35,1538.98,258870,258870,3,3,0.3548,3342.0,184.92,173.03
LAS,PHL,AA,23160,461,173.98,315.3,252530,252530,5,5,0.0917,2498.0,160.44,129.02
LAS,PHL,B6,70866,252,129.02,315.3,252530,252530,5,5,0.2806,2498.0,160.44,129.02
LAS,PHL,F9,77676,212,169.06,315.3,252530,252530,5,5,0.3076,2498.0,160.44,129.02
LAS,PHL,NK,63571,296,184.62,315.3,252530,252530,5,5,0.2517,2498.0,160.44,129.02
LAS,PHL,WN,17257,50,143.47,315.3,252530,252530,5,5,0.0683,2498.0,160.44,129.02
LAS,PHX,AA,70953,302,281.25,1086.87,195245,195245,3,3,0.3634,3350.0,272.37,265.89
LAS,PHX,F9,59563,167,268.85,1086.87,195245,195245,3,3,0.3051,3350.0,272.37,265.89
LAS,PHX,UA,64729,184,265.89,1086.87,195245,195245,3,3,0.3315,3350.0,272.37,265.89
LAS,SEA,DL,6942,345,189.51,1326.97,66307,66307,4,4,0.1047,3622.0,215.04,189.51
LAS,SEA,F9,34566,316,224.83,1326.97,66307,66307,4,4,0.5213,3622.0,215.04,189.51
LAS,SEA,UA,7815,13,230.82,1326.97,66307,66307,4,4,0.1179,3622.0,215.04,189.51
LAS,SEA,WN,16984,306,198.28,1326.97,66307,66307,4,4,0.2561,3622.0,215.04,189.51
LAS,SFO,AA,95183,102,194.7,1150.71,159962,159962,4,4,0.595,4330.0,196.58,152.65
LAS,SFO,AS,15002,79,152.65,1150.71,159962,159962,4,4,0.0938,4330.0,196.58,152.65
LAS,SFO,B6,41598,35,212.81,1150.71,159962,159962,4,4,0.26,4330.0,196.58,152.65
LAS,SFO,UA,8179,409,216.46,1150.71,159962,159962,4,4,0.0511,4330.0,196.58,152.65
LAX,ATL,AA,93797,80,277.05,2753.13,93797,93797,1,1,1.0,10000.0,277.05,277.05
LAX,BOS,AA,95437,73,297.79,1736.44,219793,219793,4,4,0.4342,3892.0,263.53,226.63
LAX,BOS,DL,2303,184,266.72,1736.44,219793,219793,4,4,0.0105,3892.0,263.53,226.63
LAX,BOS,F9,27544,85,271.18,1736.44,219793,219793,4,4,0.1253,3892.0,263.53,226.63
LAX,BOS,UA,94509,366,226.63,1736.44,219793,219793,4,4,0.43,3892.0,263.53,226.63
LAX,CLT,WN,97311,358,192.55,1467.71,97311,97311,1,1,1.0,10000.0,192.55,192.55
LAX,DEN,AA,77944,468,282.83,1654.91,280179,280179,4,4,0.2782,2951.0,240.16,198.8
LAX,DEN,NK,75081,63,256.21,1654.91,280179,280179,4,4,0.268,2951.0,240.16,198.8
LAX,DEN,UA,22569,480,198.8,1654.91,280179,280179,4,4,0.0806,2951.0,240.16,198.8
LAX,DEN,WN,104585,181,205.75,1654.91,280179,280179,4,4,0.3733,2951.0,240.16,198.8
LAX,DFW,AA,77610,466,277.62,2538.31,184295,184295,5,5,0.4211,3096.0,309.51,277.62
LAX,DFW,AS,35764,80,405.19,2538.31,184295,184295,5,5,0.1941,3096.0,309.51,277.62
LAX,DFW,B6,5839,459,330.91,2538.31,184295,184295,5,5,0.0317,3096.0,309.51,277.62
LAX,DFW,F9,55572,180,293.01,2538.31,184295,184295,5,5,0.3015,3096.0,309.51,277.62
LAX,DFW,UA,9510,493,293.25,2538.31,184295,184295,5,5,0.0516,3096.0,309.51,277.62
LAX,DTW,AA,56185,421,103.95,672.74,372999,372999,5,5,0.1506,2145.0,113.53,100.71
LAX,DTW,AS,55514,10,121.74,672.74,372999,372999,5,5,0.1488,2145.0,113.53,100.71
LAX,DTW,B6,96525,401,107.05,672.74,372999,372999,5,5,0.2588,2145.0,113.53,100.71
LAX,DTW,UA,101227,293,128.57,672.74,372999,372999,5,5,0.2714,2145.0,113.53,100.71
LAX,DTW,WN,63548,65,100.71,672.74,372999,372999,5,5,0.1704,2145.0,113.53,100.71
LAX,EWR,F9,119094,409,115.24,701.15,179508,179508,3,3,0.6634,4968.0,130.38,115.24
LAX,EWR,UA,29188,292,171.94,701.15,179508,179508,3,3,0.1626,4968.0,130.38,115.24
LAX,EWR,WN,31226,206,149.26,701.15,179508,179508,3,3,0.174,4968.0,130.38,115.24
LAX,IAH,F9,14972,82,264.64,1610.7,14972,14972,1,1,1.0,10000.0,264.64,264.64
LAX,JFK,F9,22699,430,221.95,846.04,22699,22699,1,1,1.0,10000.0,221.95,221.95
LAX,LAS,AS,58618,449,324.33,1948.8,189146,189146,3,3,0.3099,3532.0,274.67,250.21
LAX,LAS,NK,46791,350,256.24,1948.8,189146,189146,3,3,0.2474,3532.0,274.67,250.21
LAX,LAS,WN,83737,209,250.21,1948.8,189146,189146,3,3,0.4427,3532.0,274.67,250.21
LAX,LGA,AS,56968,18,308.43,1631.21,265802,265802,3,3,0.2143,3598.0,228.18,202.15
LAX,LGA,DL,117930,220,209.48,1631.21,265802,265802,3,3,0.4437,3598.0,228.18,202.15
LAX,LGA,WN,90904,299,202.15,1631.21,265802,265802,3,3,0.342,3598.0,228.18,202.15
LAX,MCO,B6,100459,310,311.59,2222.63,190422,190422,3,3,0.5276,4025.0,301.36,285.0
LAX,MCO,DL,60062,339,285.0,2222.63,190422,190422,3,3,0.3154,4025.0,301.36,285.0
LAX,MCO,WN,29901,362,299.85,2222.63,190422,190422,3,3,0.157,4025.0,301.36,285.0
LAX,MIA,B6,55579,319,260.49,2440.35,208617,208617,4,4,0.2664,2624.0,271.28,224.88
LAX,MIA,DL,53655,392,307.63,2440.35,208617,208617,4,4,0.2572,2624.0,271.28,224.88
LAX,MIA,F9,33652,305,321.76,2440.35,208617,208617,4,4,0.1613,2624.0,271.28,224.88
LAX,MIA,UA,65731,68,224.88,2440.35,208617,208617,4,4,0.3151,2624.0,271.28,224.88
LAX,MSP,AA,98332,42,257.17,2024.77,398700,398700,5,5,0.2466,2214.0,273.3,236.71
LAX,MSP,AS,32117,139,320.71,2024.77,398700,398700,5,5,0.0806,2214.0,273.3,236.71
LAX,MSP,B6,106630,500,236.71,2024.77,398700,398700,5,5,0.2674,2214.0,273.3,236.71
LAX,MSP,F9,74838,64,328.2,2024.77,398700,398700,5,5,0.1877,2214.0,273.3,236.71
LAX,MSP,UA,86783,168,271.64,2024.77,398700,398700,5,5,0.2177,2214.0,273.3,236.71
LAX,ORD,AA,6932,440,261.26,2220.0,313782,313782,5,5,0.0221,2952.0,280.7,233.85
LAX,ORD,AS,100197,287,299.36,2220.0,313782,313782,5,5,0.3193,2952.0,280.7,233.85
LAX,ORD,DL,16717,118,248.18,2220.0,313782,313782,5,5,0.0533,2952.0,280.7,233.85
LAX,ORD,NK,113123,374,233.85,2220.0,313782,313782,5,5,0.3605,2952.0,280.7,233.85
LAX,ORD,UA,76813,128,334.19,2220.0,313782,313782,5,5,0.2448,2952.0,280.7,233.85
LAX,PHL,AS,50297,110,325.46,1974.59,242067,242067,3,3,0.2078,3725.0,312.66,289.81
LAX,PHL,F9,117187,33,289.81,1974.59,242067,242067,3,3,0.4841,3725.0,312.66,289.81
LAX,PHL,WN,74583,59,339.94,1974.59,242067,242067,3,3,0.3081,3725.0,312.66,289.81
LAX,PHX,F9,33544,247,264.45,2672.86,54832,54832,2,2,0.6118,5250.0,268.18,264.45
LAX,PHX,WN,21288,465,274.07,2672.86,54832,54832,2,2,0.3882,5250.0,268.18,264.45
LAX,SEA,AS,6603,360,229.6,921.95,37361,37361,2,2,0.1767,7090.0,251.24,229.6
LAX,SEA,DL,30758,391,255.88,921.95,37361,37361,2,2,0.8233,7090.0,251.24,229.6
LAX,SFO,AA,80880,108,308.8,1741.73,350394,350394,5,5,0.2308,2603.0,272.91,226.04
LAX,SFO,B6,108637,186,289.85,1741.73,350394,350394,5,5,0.31,2603.0,272.91,226.04
LAX,SFO,F9,31683,118,226.04,1741.73,350394,350394,5,5,0.0904,2603.0,272.91,226.04
LAX,SFO,UA,18353,312,273.06,1741.73,350394,350394,5,5,0.0524,2603.0,272.91,226.04
LAX,SFO,WN,110841,290,243.5,1741.73,350394,350394,5,5,0.3163,2603.0,272.91,226.04
LGA,ATL,B6,116149,449,323.43,2107.38,252951,252951,3,3,0.4592,4053.0,332.31,323.43
LGA,ATL,DL,107660,404,325.08,2107.38,252951,252951,3,3,0.4256,4053.0,332.31,323.43
LGA,ATL,NK,29142,352,394.44,2107.38,252951,252951,3,3,0.1152,4053.0,332.31,323.43
LGA,BOS,AS,7069,422,188.67,1253.57,171998,171998,5,5,0.0411,3966.0,198.99,181.85
LGA,BOS,DL,8942,106,222.34,1253.57,171998,171998,5,5,0.052,3966.0,198.99,181.85
LGA,BOS,F9,86197,349,181.85,1253.57,171998,171998,5,5,0.5012,3966.0,198.99,181.85
LGA,BOS,NK,64370,156,219.36,1253.57,171998,171998,5,5,0.3742,3966.0,198.99,181.85
LGA,BOS,UA,5420,440,204.72,1253.57,171998,171998,5,5,0.0315,3966.0,198.99,181.85
LGA,CLT,F9,79237,103,217.59,564.68,313509,313509,4,4,0.2527,2829.0,199.51,141.59
LGA,CLT,NK,84362,284,183.77,564.68,313509,313509,4,4,0.2691,2829.0,199.51,141.59
LGA,CLT,UA,35064,194,141.59,564.68,313509,313509,4,4,0.1118,2829.0,199.51,141.59
LGA,CLT,WN,114846,88,216.28,564.68,313509,313509,4,4,0.3663,2829.0,199.51,141.59
LGA,DEN,AA,115141,79,160.29,368.46,217717,217717,2,2,0.5289,5017.0,150.98,140.54
LGA,DEN,NK,102576,385,140.54,368.46,217717,217717,2,2,0.4711,5017.0,150.98,140.54
LGA,DFW,AS,5387,31,162.93,629.78,166022,166022,4,4,0.0324,5147.0,166.76,154.45
LGA,DFW,B6,8900,322,154.45,629.78,166022,166022,4,4,0.0536,5147.0,166.76,154.45
LGA,DFW,UA,40053,231,165.91,629.78,166022,166022,4,4,0.2413,5147.0,166.76,154.45
LGA,DFW,WN,111682,485,168.23,629.78,166022,166022,4,4,0.6727,5147.0,166.76,154.45
LGA,DTW,DL,21918,77,219.26,1435.55,21918,21918,1,1,1.0,10000.0,219.26,219.26
LGA,EWR,DL,30755,294,355.37,2653.91,30755,30755,1,1,1.0,10000.0,355.37,355.37
LGA,IAH,AA,1805,122,185.64,1125.47,117692,117692,5,5,0.0153,3311.0,184.17,169.21
LGA,IAH,AS,16602,229,230.35,1125.47,117692,117692,5,5,0.1411,3311.0,184.17,169.21
LGA,IAH,DL,26356,249,188.07,1125.47,117692,117692,5,5,0.2239,3311.0,184.17,169.21
LGA,IAH,NK,58299,364,169.21,1125.47,117692,117692,5,5,0.4954,3311.0,184.17,169.21
LGA,IAH,WN,14630,459,184.2,1125.47,117692,117692,5,5,0.1243,3311.0,184.17,169.21
LGA,JFK,AS,25444,182,240.88,1621.91,215225,215225,4,4,0.1182,4054.0,242.13,209.45
LGA,JFK,NK,82813,251,284.14,1621.91,215225,215225,4,4,0.3848,4054.0,242.13,209.45
LGA,JFK,UA,106165,303,209.45,1621.91,215225,215225,4,4,0.4933,4054.0,242.13,209.45
LGA,JFK,WN,803,230,268.9,1621.91,215225,215225,4,4,0.0037,4054.0,242.13,209.45
LGA,LAS,AA,48552,93,342.54,1641.4,107526,107526,3,3,0.4515,3647.0,314.49,271.93
LGA,LAS,DL,21731,322,324.77,1641.4,107526,107526,3,3,0.2021,3647.0,314.49,271.93
LGA,LAS,NK,37243,183,271.93,1641.4,107526,107526,3,3,0.3464,3647.0,314.49,271.93
LGA,LAX,DL,117706,238,119.23,559.03,150717,150717,3,3,0.781,6340.0,115.67,83.92
LGA,LAX,F9,17419,98,83.92,559.03,150717,150717,3,3,0.1156,6340.0,115.67,83.92
LGA,LAX,NK,15592,399,124.29,559.03,150717,150717,3,3,0.1035,6340.0,115.67,83.92
LGA,MCO,AA,118287,98,331.54,2439.76,317349,317349,4,4,0.3727,2893.0,328.77,311.96
LGA,MCO,AS,63203,187,311.96,2439.76,317349,317349,4,4,0.1992,2893.0,328.77,311.96
LGA,MCO,NK,98922,137,340.78,2439.76,317349,317349,4,4,0.3117,2893.0,328.77,311.96
LGA,MCO,WN,36937,117,316.49,2439.76,317349,317349,4,4,0.1164,2893.0,328.77,311.96
LGA,MIA,AA,38871,218,143.41,921.65,66622,66622,2,2,0.5835,5139.0,159.25,143.41
LGA,MIA,NK,27751,19,181.44,921.65,66622,66622,2,2,0.4165,5139.0,159.25,143.41
LGA,MSP,DL,71302,44,102.3,372.61,280962,280962,3,3,0.2538,3428.0,104.78,93.44
LGA,MSP,F9,104361,75,93.44,372.61,280962,280962,3,3,0.3714,3428.0,104.78,93.44
LGA,MSP,NK,105299,389,117.71,372.61,280962,280962,3,3,0.3748,3428.0,104.78,93.44
LGA,ORD,F9,68470,156,225.42,1117.06,68470,68470,1,1,1.0,10000.0,225.42,225.42
LGA,PHL,AA,54709,142,320.74,1398.37,237925,237925,3,3,0.2299,3501.0,311.98,302.89
LGA,PHL,F9,96136,62,302.89,1398.37,237925,237925,3,3,0.4041,3501.0,311.98,302.89
LGA,PHL,UA,87080,246,316.51,1398.37,237925,237925,3,3,0.366,3501.0,311.98,302.89
LGA,PHX,F9,99954,112,203.46,1141.94,117949,117949,2,2,0.8474,7414.0,209.83,203.46
LGA,PHX,NK,17995,88,245.18,1141.94,117949,117949,2,2,0.1526,7414.0,209.83,203.46
LGA,SEA,AS,86749,430,274.59,2085.51,255746,255746,3,3,0.3392,3387.0,306.87,274.59
LGA,SEA,F9,71314,26,334.42,2085.51,255746,255746,3,3,0.2788,3387.0,306.87,274.59
LGA,SEA,WN,97683,420,315.43,2085.51,255746,255746,3,3,0.382,3387.0,306.87,274.59
LGA,SFO,AA,9999,287,166.04,772.88,187958,187958,5,5,0.0532,2698.0,183.91,166.04
LGA,SFO,AS,27330,103,172.76,772.88,187958,187958,5,5,0.1454,2698.0,183.91,166.04
LGA,SFO,B6,25468,90,221.24,772.88,187958,187958,5,5,0.1355,2698.0,183.91,166.04
LGA,SFO,UA,72685,463,179.54,772.88,187958,187958,5,5,0.3867,2698.0,183.91,166.04
LGA,SFO,WN,52476,53,181.07,772.88,187958,187958,5,5,0.2792,2698.0,183.91,166.04
MCO,ATL,AA,101492,46,423.47,2698.34,267521,267521,4,4,0.3794,2892.0,403.11,306.43
MCO,ATL,AS,71071,471,306.43,2698.34,267521,267521,4,4,0.2657,2892.0,403.11,306.43
MCO,ATL,DL,67958,252,459.96,2698.34,267521,267521,4,4,0.254,2892.0,403.11,306.43
MCO,ATL,WN,27000,425,437.94,2698.34,267521,267521,4,4,0.1009,2892.0,403.11,306.43
MCO,BOS,AS,107660,147,185.08,359.48,156781,156781,2,2,0.6867,5697.0,185.07,185.04
MCO,BOS,UA,49121,171,185.04,359.48,156781,156781,2,2,0.3133,5697.0,185.07,185.04
MCO,CLT,AA,44300,121,199.18,1281.58,165812,165812,3,3,0.2672,4517.0,235.65,199.18
MCO,CLT,NK,21560,434,230.66,1281.58,165812,165812,3,3,0.13,4517.0,235.65,199.18
MCO,CLT,WN,99952,90,252.89,1281.58,165812,165812,3,3,0.6028,4517.0,235.65,199.18
MCO,DEN,AS,105068,445,264.78,869.63,144616,144616,2,2,0.7265,6026.0,250.29,211.79
MCO,DEN,NK,39548,80,211.79,869.63,144616,144616,2,2,0.2735,6026.0,250.29,211.79
MCO,DFW,AA,59194,290,217.09,1388.55,272165,272165,4,4,0.2175,3042.0,232.99,217.09
MCO,DFW,B6,66479,165,217.27,1388.55,272165,272165,4,4,0.2443,3042.0,232.99,217.09
MCO,DFW,UA,117284,287,229.9,1388.55,272165,272165,4,4,0.4309,3042.0,232.99,217.09
MCO,DFW,WN,29208,138,313.42,1388.55,272165,272165,4,4,0.1073,3042.0,232.99,217.09
MCO,DTW,AA,92083,155,472.05,2644.22,269856,269856,5,5,0.3412,2674.0,411.06,301.99
MCO,DTW,AS,82663,58,406.19,2644.22,269856,269856,5,5,0.3063,2674.0,411.06,301.99
MCO,DTW,DL,56652,323,301.99,2644.22,269856,269856,5,5,0.2099,2674.0,411.06,301.99
MCO,DTW,F9,29516,182,475.39,2644.22,269856,269856,5,5,0.1094,2674.0,411.06,301.99
MCO,DTW,UA,8942,163,306.83,2644.22,269856,269856,5,5,0.0331,2674.0,411.06,301.99
MCO,EWR,AA,25569,247,170.31,549.73,150932,150932,3,3,0.1694,3956.0,156.72,149.84
MCO,EWR,NK,78482,486,149.84,549.73,150932,150932,3,3,0.52,3956.0,156.72,149.84
MCO,EWR,WN,46881,312,160.82,549.73,150932,150932,3,3,0.3106,3956.0,156.72,149.84
MCO,IAH,AS,34530,465,291.82,1936.69,115984,115984,2,2,0.2977,5819.0,281.74,277.46
MCO,IAH,NK,81454,234,277.46,1936.69,115984,115984,2,2,0.7023,5819.0,281.74,277.46
MCO,JFK,AA,92864,194,283.9,2340.76,280681,280681,5,5,0.3309,2787.0,354.4,283.9
MCO,JFK,F9,21400,103,310.72,2340.76,280681,280681,5,5,0.0762,2787.0,354.4,283.9
MCO,JFK,NK,10993,213,337.94,2340.76,280681,280681,5,5,0.0392,2787.0,354.4,283.9
MCO,JFK,UA,59349,190,381.93,2340.76,280681,280681,5,5,0.2114,2787.0,354.4,283.9
MCO,JFK,WN,96075,314,417.16,2340.76,280681,280681,5,5,0.3423,2787.0,354.4,283.9
MCO,LAS,UA,87906,234,331.4,2795.53,87906,87906,1,1,1.0,10000.0,331.4,331.4
MCO,LAX,B6,102039,322,178.97,1130.73,102039,102039,1,1,1.0,10000.0,178.97,178.97
MCO,LGA,AA,91654,255,235.08,1493.75,315472,315472,5,5,0.2905,2650.0,199.51,175.88
MCO,LGA,AS,111685,307,177.95,1493.75,315472,315472,5,5,0.354,2650.0,199.51,175.88
MCO,LGA,B6,16924,499,218.24,1493.75,315472,315472,5,5,0.0536,2650.0,199.51,175.88
MCO,LGA,F9,66161,358,175.88,1493.75,315472,315472,5,5,0.2097,2650.0,199.51,175.88
MCO,LGA,WN,29048,301,213.11,1493.75,315472,315472,5,5,0.0921,2650.0,199.51,175.88
MCO,MIA,AA,11422,246,156.99,554.29,126934,126934,3,3,0.09,6717.0,130.65,127.41
MCO,MIA,AS,102593,208,127.41,554.29,126934,126934,3,3,0.8082,6717.0,130.65,127.41
MCO,MIA,B6,12919,361,133.06,554.29,126934,126934,3,3,0.1018,6717.0,130.65,127.41
MCO,MSP,AA,1774,157,325.27,2177.49,192880,192880,3,3,0.0092,4930.0,286.88,279.86
MCO,MSP,AS,101800,114,292.37,2177.49,192880,192880,3,3,0.5278,4930.0,286.88,279.86
MCO,MSP,DL,89306,165,279.86,2177.49,192880,192880,3,3,0.463,4930.0,286.88,279.86
MCO,ORD,AA,44723,87,258.34,1470.68,309091,309091,4,4,0.1447,2918.0,248.25,213.03
MCO,ORD,AS,47678,278,213.03,1470.68,309091,309091,4,4,0.1543,2918.0,248.25,213.03
MCO,ORD,DL,100631,133,259.38,1470.68,309091,309091,4,4,0.3256,2918.0,248.25,213.03
MCO,ORD,WN,116059,382,249.18,1470.68,309091,309091,4,4,0.3755,2918.0,248.25,213.03
MCO,PHL,AS,76208,19,276.91,2573.26,279235,279235,5,5,0.2729,2072.0,332.0,276.91
MCO,PHL,B6,51345,40,286.8,2573.26,279235,279235,5,5,0.1839,2072.0,332.0,276.91
MCO,PHL,DL,52638,492,372.72,2573.26,279235,279235,5,5,0.1885,2072.0,332.0,276.91
MCO,PHL,F9,53919,301,440.11,2573.26,279235,279235,5,5,0.1931,2072.0,332.0,276.91
MCO,PHL,UA,45125,195,299.82,2573.26,279235,279235,5,5,0.1616,2072.0,332.0,276.91
MCO,PHX,AA,44705,378,142.24,326.44,151915,151915,3,3,0.2943,5226.0,172.6,131.61
MCO,PHX,AS,100055,480,189.1,326.44,151915,151915,3,3,0.6586,5226.0,172.6,131.61
MCO,PHX,NK,7155,66,131.61,326.44,151915,151915,3,3,0.0471,5226.0,172.6,131.61
MCO,SEA,UA,58851,37,202.48,1121.33,58851,58851,1,1,1.0,10000.0,202.48,202.48
MCO,SFO,AS,6071,368,323.67,2555.78,6071,6071,1,1,1.0,10000.0,323.67,323.67
MIA,ATL,AA,64807,445,193.45,1058.16,302443,302443,4,4,0.2143,2543.0,247.21,193.45
MIA,ATL,AS,77365,376,246.23,1058.16,302443,302443,4,4,0.2558,2543.0,247.21,193.45
MIA,ATL,F9,90986,123,287.33,1058.16,302443,302443,4,4,0.3008,2543.0,247.21,193.45
MIA,ATL,UA,69285,207,245.89,1058.16,302443,302443,4,4,0.2291,2543.0,247.21,193.45
MIA,BOS,AA,31468,83,340.21,2298.51,226291,226291,4,4,0.1391,3000.0,310.62,264.72
MIA,BOS,AS,31492,176,394.5,2298.51,226291,226291,4,4,0.1392,3000.0,310.62,264.72
MIA,BOS,UA,77200,165,264.72,2298.51,226291,226291,4,4,0.3412,3000.0,310.62,264.72
MIA,BOS,WN,86131,135,310.28,2298.51,226291,226291,4,4,0.3806,3000.0,310.62,264.72
MIA,CLT,AA,76069,250,346.96,2358.12,87401,87401,2,2,0.8703,7742.0,342.38,311.65
MIA,CLT,B6,11332,313,311.65,2358.12,87401,87401,2,2,0.1297,7742.0,342.38,311.65
MIA,DEN,AS,98388,297,431.08,2267.31,294754,294754,4,4,0.3338,2656.0,356.1,293.96
MIA,DEN,DL,63424,143,345.81,2267.31,294754,294754,4,4,0.2152,2656.0,356.1,293.96
MIA,DEN,F9,50164,302,293.96,2267.31,294754,294754,4,4,0.1702,2656.0,356.1,293.96
MIA,DEN,WN,82778,79,312.53,2267.31,294754,294754,4,4,0.2808,2656.0,356.1,293.96
MIA,DFW,NK,72949,22,211.99,1523.84,143246,143246,2,2,0.5093,5002.0,196.96,181.36
MIA,DFW,UA,70297,251,181.36,1523.84,143246,143246,2,2,0.4907,5002.0,196.96,181.36
MIA,DTW,AS,109969,498,133.0,573.7,109969,109969,1,1,1.0,10000.0,133.0,133.0
MIA,EWR,AS,52187,418,220.31,1173.28,333983,333983,5,5,0.1563,2460.0,207.35,160.3
MIA,EWR,B6,49284,192,197.88,1173.28,333983,333983,5,5,0.1476,2460.0,207.35,160.3
MIA,EWR,F9,97490,459,202.65,1173.28,333983,333983,5,5,0.2919,2460.0,207.35,160.3
MIA,EWR,NK,24703,283,160.3,1173.28,333983,333983,5,5,0.074,2460.0,207.35,160.3
MIA,EWR,WN,110319,414,220.15,1173.28,333983,333983,5,5,0.3303,2460.0,207.35,160.3
MIA,IAH,AA,4180,395,373.74,2069.8,157292,157292,5,5,0.0266,3234.0,317.79,268.76
MIA,IAH,AS,68519,86,285.54,2069.8,157292,157292,5,5,0.4356,3234.0,317.79,268.76
MIA,IAH,DL,13417,196,268.76,2069.8,157292,157292,5,5,0.0853,3234.0,317.79,268.76
MIA,IAH,F9,18624,295,337.68,2069.8,157292,157292,5,5,0.1184,3234.0,317.79,268.76
MIA,IAH,WN,52552,381,360.86,2069.8,157292,157292,5,5,0.3341,3234.0,317.79,268.76
MIA,JFK,AS,107542,352,139.17,656.11,107542,107542,1,1,1.0,10000.0,139.17,139.17
MIA,LAS,AS,113934,425,199.33,1344.69,424594,424594,5,5,0.2683,2498.0,214.87,199.33
MIA,LAS,B6,106437,136,214.3,1344.69,424594,424594,5,5,0.2507,2498.0,214.87,199.33
MIA,LAS,NK,3063,143,233.43,1344.69,424594,424594,5,5,0.0072,2498.0,214.87,199.33
MIA,LAS,UA,116171,92,225.05,1344.69,424594,424594,5,5,0.2736,2498.0,214.87,199.33
MIA,LAS,WN,84989,390,221.82,1344.69,424594,424594,5,5,0.2002,2498.0,214.87,199.33
MIA,LAX,AS,68043,370,303.95,1907.86,119771,119771,4,4,0.5681,4124.0,300.42,203.4
MIA,LAX,F9,1334,443,203.4,1907.86,119771,119771,4,4,0.0111,4124.0,300.42,203.4
MIA,LAX,UA,27913,45,299.82,1907.86,119771,119771,4,4,0.2331,4124.0,300.42,203.4
MIA,LAX,WN,22481,157,296.24,1907.86,119771,119771,4,4,0.1877,4124.0,300.42,203.4
MIA,LGA,DL,86188,271,232.16,1056.98,86188,86188,1,1,1.0,10000.0,232.16,232.16
MIA,MCO,WN,35274,260,230.77,733.17,35274,35274,1,1,1.0,10000.0,230.77,230.77
MIA,MSP,WN,31470,340,213.05,343.34,31470,31470,1,1,1.0,10000.0,213.05,213.05
MIA,ORD,AA,1563,276,323.08,2142.62,43645,43645,5,5,0.0358,3212.0,270.71,215.65
MIA,ORD,B6,12637,388,215.65,2142.62,43645,43645,5,5,0.2895,3212.0,270.71,215.65
MIA,ORD,DL,1428,329,289.47,2142.62,43645,43645,5,5,0.0327,3212.0,270.71,215.65
MIA,ORD,NK,19271,340,322.19,2142.62,43645,43645,5,5,0.4415,3212.0,270.71,215.65
MIA,ORD,WN,8746,320,224.4,2142.62,43645,43645,5,5,0.2004,3212.0,270.71,215.65
MIA,PHL,AA,77423,349,364.28,2247.36,99874,99874,2,2,0.7752,6515.0,365.33,364.28
MIA,PHL,DL,22451,383,368.93,2247.36,99874,99874,2,2,0.2248,6515.0,365.33,364.28
MIA,PHX,B6,118605,398,373.36,2362.17,207733,207733,4,4,0.5709,4180.0,340.53,272.5
MIA,PHX,DL,58013,302,272.5,2362.17,207733,207733,4,4,0.2793,4180.0,340.53,272.5
MIA,PHX,F9,23349,92,346.88,2362.17,207733,207733,4,4,0.1124,4180.0,340.53,272.5
MIA,PHX,WN,7766,351,328.34,2362.17,207733,207733,4,4,0.0374,4180.0,340.53,272.5
MIA,SEA,NK,74801,119,394.88,2615.22,97916,97916,2,2,0.7639,6393.0,366.86,276.17
MIA,SEA,UA,23115,499,276.17,2615.22,97916,97916,2,2,0.2361,6393.0,366.86,276.17
MIA,SFO,AS,58110,340,353.94,2123.89,283168,283168,4,4,0.2052,2579.0,294.01,245.45
MIA,SFO,B6,61942,244,245.45,2123.89,283168,283168,4,4,0.2187,2579.0,294.01,245.45
MIA,SFO,DL,90609,236,250.91,2123.89,283168,283168,4,4,0.32,2579.0,294.01,245.45
MIA,SFO,NK,72507,377,341.31,2123.89,283168,283168,4,4,0.2561,2579.0,294.01,245.45
MSP,ATL,AA,50060,30,379.6,2776.67,449810,449810,5,5,0.1113,2112.0,359.83,257.77
MSP,ATL,AS,113300,308,391.87,2776.67,449810,449810,5,5,0.2519,2112.0,359.83,257.77
MSP,ATL,DL,97794,162,257.77,2776.67,449810,449810,5,5,0.2174,2112.0,359.83,257.77
MSP,ATL,NK,98682,121,393.55,2776.67,449810,449810,5,5,0.2194,2112.0,359.83,257.77
MSP,ATL,WN,89974,361,382.42,2776.67,449810,449810,5,5,0.2,2112.0,359.83,257.77
MSP,BOS,NK,41281,374,165.24,668.8,41281,41281,1,1,1.0,10000.0,165.24,165.24
MSP,CLT,AA,101467,63,230.77,1716.43,220909,220909,2,2,0.4593,5033.0,244.28,230.77
MSP,CLT,WN,119442,19,255.75,1716.43,220909,220909,2,2,0.5407,5033.0,244.28,230.77
MSP,DEN,F9,92306,88,247.65,1451.26,221105,221105,3,3,0.4175,4583.0,225.51,203.76
MSP,DEN,NK,117275,129,203.76,1451.26,221105,221105,3,3,0.5304,4583.0,225.51,203.76
MSP,DEN,WN,11524,421,269.55,1451.26,221105,221105,3,3,0.0521,4583.0,225.51,203.76
MSP,DFW,NK,48589,463,232.32,1517.12,48589,48589,1,1,1.0,10000.0,232.32,232.32
MSP,DTW,DL,37927,284,119.57,616.18,255447,255447,4,4,0.1485,2832.0,147.74,119.57
MSP,DTW,F9,44021,489,153.28,616.18,255447,255447,4,4,0.1723,2832.0,147.74,119.57
MSP,DTW,UA,81545,166,152.78,616.18,255447,255447,4,4,0.3192,2832.0,147.74,119.57
MSP,DTW,WN,91954,303,152.24,616.18,255447,255447,4,4,0.36,2832.0,147.74,119.57
MSP,EWR,AS,74466,448,345.93,2717.64,206404,206404,3,3,0.3608,3766.0,353.13,332.72
MSP,EWR,DL,36001,486,332.72,2717.64,206404,206404,3,3,0.1744,3766.0,353.13,332.72
MSP,EWR,UA,95937,267,366.37,2717.64,206404,206404,3,3,0.4648,3766.0,353.13,332.72
MSP,IAH,AA,53671,378,228.48,2322.29,176177,176177,3,3,0.3046,4985.0,291.31,228.48
MSP,IAH,NK,111693,265,318.36,2322.29,176177,176177,3,3,0.634,4985.0,291.31,228.48
MSP,IAH,WN,10813,197,323.69,2322.29,176177,176177,3,3,0.0614,4985.0,291.31,228.48
MSP,JFK,AA,51816,360,358.4,1753.03,200845,200845,4,4,0.258,3720.0,294.18,257.68
MSP,JFK,AS,103158,345,257.68,1753.03,200845,200845,4,4,0.5136,3720.0,294.18,257.68
MSP,JFK,NK,40630,106,306.3,1753.03,200845,200845,4,4,0.2023,3720.0,294.18,257.68
MSP,JFK,UA,5241,230,283.56,1753.03,200845,200845,4,4,0.0261,3720.0,294.18,257.68
MSP,LAS,NK,44911,464,185.69,959.17,44911,44911,1,1,1.0,10000.0,185.69,185.69
MSP,LAX,AA,97738,151,227.1,959.18,97738,97738,1,1,1.0,10000.0,227.1,227.1
MSP,LGA,AA,102310,168,299.67,2632.81,421535,421535,5,5,0.2427,2099.0,360.24,299.67
MSP,LGA,DL,88016,343,399.25,2632.81,421535,421535,5,5,0.2088,2099.0,360.24,299.67
MSP,LGA,F9,104392,491,390.43,2632.81,421535,421535,5,5,0.2476,2099.0,360.24,299.67
MSP,LGA,UA,71863,136,341.38,2632.81,421535,421535,5,5,0.1705,2099.0,360.24,299.67
MSP,LGA,WN,54954,164,377.81,2632.81,421535,421535,5,5,0.1304,2099.0,360.24,299.67
MSP,MCO,AS,90917,147,310.78,2245.91,209980,209980,3,3,0.433,3501.0,301.11,277.33
MSP,MCO,NK,65954,242,277.33,2245.91,209980,209980,3,3,0.3141,3501.0,301.11,277.33
MSP,MCO,WN,53109,468,314.1,2245.91,209980,209980,3,3,0.2529,3501.0,301.11,277.33
MSP,MIA,F9,54362,480,147.29,593.68,74110,74110,2,2,0.7335,6090.0,140.19,120.65
MSP,MIA,NK,19748,412,120.65,593.68,74110,74110,2,2,0.2665,6090.0,140.19,120.65
MSP,ORD,NK,11137,113,214.63,1279.71,11137,11137,1,1,1.0,10000.0,214.63,214.63
MSP,PHL,DL,49155,213,261.27,1789.86,125233,125233,5,5,0.3925,2935.0,269.46,220.9
MSP,PHL,F9,2275,151,246.55,1789.86,125233,125233,5,5,0.0182,2935.0,269.46,220.9
MSP,PHL,NK,40095,103,293.51,1789.86,125233,125233,5,5,0.3202,2935.0,269.46,220.9
MSP,PHL,UA,15290,132,294.62,1789.86,125233,125233,5,5,0.1221,2935.0,269.46,220.9
MSP,PHL,WN,18418,407,220.9,1789.86,125233,125233,5,5,0.1471,2935.0,269.46,220.9
MSP,PHX,B6,48424,196,354.71,2735.27,118605,118605,2,2,0.4083,5168.0,314.82,287.29
MSP,PHX,WN,70181,135,287.29,2735.27,118605,118605,2,2,0.5917,5168.0,314.82,287.29
MSP,SEA,AS,111930,463,181.92,678.26,195951,195951,3,3,0.5712,4871.0,197.02,181.92
MSP,SEA,F9,78372,326,219.55,678.26,195951,195951,3,3,0.4,4871.0,197.02,181.92
MSP,SEA,UA,5649,262,183.69,678.26,195951,195951,3,3,0.0288,4871.0,197.02,181.92
MSP,SFO,NK,49904,107,121.21,321.34,67374,67374,2,2,0.7407,6159.0,133.29,121.21
MSP,SFO,UA,17470,207,167.79,321.34,67374,67374,2,2,0.2593,6159.0,133.29,121.21
ORD,ATL,AS,54126,153,116.01,846.18,322106,322106,5,5,0.168,2515.0,128.98,108.69
ORD,ATL,B6,31525,57,149.15,846.18,322106,322106,5,5,0.0979,2515.0,128.98,108.69
ORD,ATL,DL,84781,240,147.59,846.18,322106,322106,5,5,0.2632,2515.0,128.98,108.69
ORD,ATL,F9,34114,310,108.69,846.18,322106,322106,5,5,0.1059,2515.0,128.98,108.69
ORD,ATL,NK,117560,184,122.0,846.18,322106,322106,5,5,0.365,2515.0,128.98,108.69
ORD,BOS,AA,15332,212,324.4,2552.08,392874,392874,5,5,0.039,2410.0,327.16,267.29
ORD,BOS,B6,119688,374,337.86,2552.08,392874,392874,5,5,0.3046,2410.0,327.16,267.29
ORD,BOS,DL,68389,458,267.29,2552.08,392874,392874,5,5,0.1741,2410.0,327.16,267.29
ORD,BOS,F9,92285,448,320.42,2552.08,392874,392874,5,5,0.2349,2410.0,327.16,267.29
ORD,BOS,NK,97180,37,362.94,2552.08,392874,392874,5,5,0.2474,2410.0,327.16,267.29
ORD,CLT,AA,12124,274,215.1,1244.74,220883,220883,5,5,0.0549,2364.0,212.93,191.83
ORD,CLT,AS,50008,130,237.2,1244.74,220883,220883,5,5,0.2264,2364.0,212.93,191.83
ORD,CLT,DL,67567,174,200.45,1244.74,220883,220883,5,5,0.3059,2364.0,212.93,191.83
ORD,CLT,F9,36555,217,233.59,1244.74,220883,220883,5,5,0.1655,2364.0,212.93,191.83
ORD,CLT,UA,54629,147,191.83,1244.74,220883,220883,5,5,0.2473,2364.0,212.93,191.83
ORD,DEN,AA,6425,110,330.16,2355.79,218562,218562,5,5,0.0294,3557.0,265.0,243.17
ORD,DEN,AS,108932,77,256.07,2355.79,218562,218562,5,5,0.4984,3557.0,265.0,243.17
ORD,DEN,B6,4627,477,243.17,2355.79,218562,218562,5,5,0.0212,3557.0,265.0,243.17
ORD,DEN,DL,59412,78,258.42,2355.79,218562,218562,5,5,0.2718,3557.0,265.0,243.17
ORD,DEN,UA,39166,348,291.71,2355.79,218562,218562,5,5,0.1792,3557.0,265.0,243.17
ORD,DFW,AA,46238,395,369.27,1757.2,146948,146948,4,4,0.3147,3284.0,311.88,233.12
ORD,DFW,AS,36894,366,233.12,1757.2,146948,146948,4,4,0.2511,3284.0,311.88,233.12
ORD,DFW,B6,4025,331,340.76,1757.2,146948,146948,4,4,0.0274,3284.0,311.88,233.12
ORD,DFW,NK,59791,94,314.15,1757.2,146948,146948,4,4,0.4069,3284.0,311.88,233.12
ORD,DTW,AA,94770,190,262.33,2171.18,240936,240936,3,3,0.3933,3731.0,318.04,262.33
ORD,DTW,AS,104661,340,376.94,2171.18,240936,240936,3,3,0.4344,3731.0,318.04,262.33
ORD,DTW,NK,41505,68,296.7,2171.18,240936,240936,3,3,0.1723,3731.0,318.04,262.33
ORD,EWR,DL,106402,51,243.55,1106.24,106402,106402,1,1,1.0,10000.0,243.55,243.55
ORD,IAH,UA,94992,51,250.21,1862.1,94992,94992,1,1,1.0,10000.0,250.21,250.21
ORD,JFK,AS,109911,88,361.0,2191.47,200577,200577,2,2,0.548,5046.0,316.51,262.57
ORD,JFK,F9,90666,471,262.57,2191.47,200577,200577,2,2,0.452,5046.0,316.51,262.57
ORD,LAS,DL,32153,52,349.79,2570.0,112200,112200,2,2,0.2866,5911.0,350.33,349.79
ORD,LAS,UA,80047,47,350.55,2570.0,112200,112200,2,2,0.7134,5911.0,350.33,349.79
ORD,LAX,AA,1333,260,354.58,2022.49,195580,195580,3,3,0.0068,4990.0,349.18,330.88
ORD,LAX,F9,107594,417,363.85,2022.49,195580,195580,3,3,0.5501,4990.0,349.18,330.88
ORD,LAX,WN,86653,383,330.88,2022.49,195580,195580,3,3,0.4431,4990.0,349.18,330.88
ORD,LGA,B6,50234,269,228.29,1854.14,107709,107709,2,2,0.4664,5023.0,228.2,228.12
ORD,LGA,F9,57475,32,228.12,1854.14,107709,107709,2,2,0.5336,5023.0,228.2,228.12
ORD,MCO,AS,91055,424,174.94,990.78,198223,198223,3,3,0.4594,4802.0,175.14,174.94
ORD,MCO,DL,102742,350,175.28,990.78,198223,198223,3,3,0.5183,4802.0,175.14,174.94
ORD,MCO,F9,4426,15,175.9,990.78,198223,198223,3,3,0.0223,4802.0,175.14,174.94
ORD,MIA,AA,35383,375,140.38,684.35,65932,65932,2,2,0.5367,5027.0,139.99,139.53
ORD,MIA,WN,30549,95,139.53,684.35,65932,65932,2,2,0.4633,5027.0,139.99,139.53
ORD,MSP,WN,58037,285,307.08,1501.95,58037,58037,1,1,1.0,10000.0,307.08,307.08
ORD,PHL,B6,79188,286,191.98,512.6,261988,261988,3,3,0.3023,3583.0,188.09,159.73
ORD,PHL,DL,119808,87,200.43,512.6,261988,261988,3,3,0.4573,3583.0,188.09,159.73
ORD,PHL,UA,62992,277,159.73,512.6,261988,261988,3,3,0.2404,3583.0,188.09,159.73
ORD,PHX,DL,23871,261,134.79,1130.19,241547,241547,3,3,0.0988,4161.0,191.73,134.79
ORD,PHX,NK,105733,367,195.95,1130.19,241547,241547,3,3,0.4377,4161.0,191.73,134.79
ORD,PHX,UA,111943,81,199.88,1130.19,241547,241547,3,3,0.4634,4161.0,191.73,134.79
ORD,SEA,AS,80578,237,401.81,2684.05,301591,301591,5,5,0.2672,2408.0,376.7,312.58
ORD,SEA,B6,101662,110,401.64,2684.05,301591,301591,5,5,0.3371,2408.0,376.7,312.58
ORD,SEA,DL,28568,418,416.58,2684.05,301591,301591,5,5,0.0947,2408.0,376.7,312.58
ORD,SEA,F9,53691,405,312.58,2684.05,301591,301591,5,5,0.178,2408.0,376.7,312.58
ORD,SEA,WN,37092,320,315.91,2684.05,301591,301591,5,5,0.123,2408.0,376.7,312.58
ORD,SFO,F9,70365,441,99.78,319.06,187899,187899,2,2,0.3745,5315.0,108.41,99.78
ORD,SFO,WN,117534,53,113.57,319.06,187899,187899,2,2,0.6255,5315.0,108.41,99.78
PHL,ATL,AS,104437,63,307.0,2461.23,333762,333762,4,4,0.3129,3188.0,301.73,269.51
PHL,ATL,F9,108984,258,269.51,2461.23,333762,333762,4,4,0.3265,3188.0,301.73,269.51
PHL,ATL,NK,7764,360,274.68,2461.23,333762,333762,4,4,0.0233,3188.0,301.73,269.51
PHL,ATL,WN,112577,282,329.89,2461.23,333762,333762,4,4,0.3373,3188.0,301.73,269.51
PHL,BOS,AA,67673,412,189.64,529.24,187559,187559,3,3,0.3608,3496.0,181.39,159.31
PHL,BOS,B6,76288,103,186.7,529.24,187559,187559,3,3,0.4067,3496.0,181.39,159.31
PHL,BOS,WN,43598,25,159.31,529.24,187559,187559,3,3,0.2324,3496.0,181.39,159.31
PHL,CLT,B6,69420,438,211.88,989.47,321369,321369,5,5,0.216,2610.0,194.68,163.87
PHL,CLT,DL,86664,97,206.54,989.47,321369,321369,5,5,0.2697,2610.0,194.68,163.87
PHL,CLT,NK,115459,18,180.52,989.47,321369,321369,5,5,0.3593,2610.0,194.68,163.87
PHL,CLT,UA,19650,313,163.87,989.47,321369,321369,5,5,0.0611,2610.0,194.68,163.87
PHL,CLT,WN,30176,148,195.34,989.47,321369,321369,5,5,0.0939,2610.0,194.68,163.87
PHL,DEN,AA,72212,422,278.33,1723.94,176463,176463,3,3,0.4092,3786.0,293.16,278.33
PHL,DEN,NK,76027,313,308.1,1723.94,176463,176463,3,3,0.4308,3786.0,293.16,278.33
PHL,DEN,UA,28224,240,290.85,1723.94,176463,176463,3,3,0.1599,3786.0,293.16,278.33
PHL,DFW,DL,35583,299,154.18,516.19,136540,136540,2,2,0.2606,6146.0,211.87,154.18
PHL,DFW,UA,100957,185,232.21,516.19,136540,136540,2,2,0.7394,6146.0,211.87,154.18
PHL,DTW,B6,100567,211,332.77,2424.85,233443,233443,3,3,0.4308,3626.0,359.09,332.77
PHL,DTW,F9,46202,221,433.74,2424.85,233443,233443,3,3,0.1979,3626.0,359.09,332.77
PHL,DTW,NK,86674,162,349.83,2424.85,233443,233443,3,3,0.3713,3626.0,359.09,332.77
PHL,EWR,B6,91718,174,330.07,2707.22,298115,298115,5,5,0.3077,2573.0,331.88,274.96
PHL,EWR,DL,78299,14,344.37,2707.22,298115,298115,5,5,0.2626,2573.0,331.88,274.96
PHL,EWR,NK,14906,299,413.84,2707.22,298115,298115,5,5,0.05,2573.0,331.88,274.96
PHL,EWR,UA,85706,301,326.39,2707.22,298115,298115,5,5,0.2875,2573.0,331.88,274.96
PHL,EWR,WN,27486,199,274.96,2707.22,298115,298115,5,5,0.0922,2573.0,331.88,274.96
PHL,IAH,B6,46055,27,297.46,1782.71,304188,304188,4,4,0.1514,3070.0,321.79,264.38
PHL,IAH,NK,116474,224,372.95,1782.71,304188,304188,4,4,0.3829,3070.0,321.79,264.38
PHL,IAH,UA,107483,465,264.38,1782.71,304188,304188,4,4,0.3533,3070.0,321.79,264.38
PHL,IAH,WN,34176,26,360.75,1782.71,304188,304188,4,4,0.1124,3070.0,321.79,264.38
PHL,JFK,AA,2880,232,306.57,2308.57,24128,24128,2,2,0.1194,7897.0,366.73,306.57
PHL,JFK,WN,21248,46,374.88,2308.57,24128,24128,2,2,0.8806,7897.0,366.73,306.57
PHL,LAS,DL,9577,22,95.82,414.2,111604,111604,2,2,0.0858,8431.0,95.68,95.67
PHL,LAS,F9,102027,423,95.67,414.2,111604,111604,2,2,0.9142,8431.0,95.68,95.67
PHL,LAX,B6,29303,99,427.69,2674.44,117695,117695,3,3,0.249,5978.0,400.0,389.31
PHL,LAX,NK,2276,46,448.17,2674.44,117695,117695,3,3,0.0193,5978.0,400.0,389.31
PHL,LAX,WN,86116,86,389.31,2674.44,117695,117695,3,3,0.7317,5978.0,400.0,389.31
PHL,LGA,B6,34237,415,324.87,2163.32,204608,204608,3,3,0.1673,4262.0,279.61,259.47
PHL,LGA,NK,118030,72,259.47,2163.32,204608,204608,3,3,0.5769,4262.0,279.61,259.47
PHL,LGA,UA,52341,318,295.43,2163.32,204608,204608,3,3,0.2558,4262.0,279.61,259.47
PHL,MCO,NK,29413,29,165.92,910.66,29413,29413,1,1,1.0,10000.0,165.92,165.92
PHL,MIA,DL,30820,318,212.78,1365.91,132309,132309,2,2,0.2329,6427.0,223.02,212.78
PHL,MIA,F9,101489,234,226.13,1365.91,132309,132309,2,2,0.7671,6427.0,223.02,212.78
PHL,MSP,AS,61143,115,150.4,575.3,117553,117553,2,2,0.5201,5008.0,146.32,141.9
PHL,MSP,UA,56410,50,141.9,575.3,117553,117553,2,2,0.4799,5008.0,146.32,141.9
PHL,ORD,AA,62566,207,229.2,873.1,217738,217738,4,4,0.2873,3506.0,211.03,188.03
PHL,ORD,B6,8791,151,194.36,873.1,217738,217738,4,4,0.0404,3506.0,211.03,188.03
PHL,ORD,UA,104145,195,210.85,873.1,217738,217738,4,4,0.4783,3506.0,211.03,188.03
PHL,ORD,WN,42236,47,188.03,873.1,217738,217738,4,4,0.194,3506.0,211.03,188.03
PHL,PHX,B6,1402,10,326.38,2298.85,153542,153542,4,4,0.0091,3942.0,300.54,281.85
PHL,PHX,F9,61352,168,281.85,2298.85,153542,153542,4,4,0.3996,3942.0,300.54,281.85
PHL,PHX,UA,18886,297,285.41,2298.85,153542,153542,4,4,0.123,3942.0,300.54,281.85
PHL,PHX,WN,71902,232,319.95,2298.85,153542,153542,4,4,0.4683,3942.0,300.54,281.85
PHL,SEA,AA,62779,225,384.53,2709.59,212662,212662,4,4,0.2952,2782.0,390.84,314.16
PHL,SEA,B6,75429,367,427.51,2709.59,212662,212662,4,4,0.3547,2782.0,390.84,314.16
PHL,SEA,UA,27763,360,434.45,2709.59,212662,212662,4,4,0.1305,2782.0,390.84,314.16
PHL,SEA,WN,46691,336,314.16,2709.59,212662,212662,4,4,0.2196,2782.0,390.84,314.16
PHL,SFO,AA,56860,327,289.25,1068.7,345744,345744,5,5,0.1645,2061.0,253.02,212.81
PHL,SFO,AS,74738,252,294.91,1068.7,345744,345744,5,5,0.2162,2061.0,253.02,212.81
PHL,SFO,DL,53391,300,238.1,1068.7,345744,345744,5,5,0.1544,2061.0,253.02,212.81
PHL,SFO,F9,75417,376,212.81,1068.7,345744,345744,5,5,0.2181,2061.0,253.02,212.81
PHL,SFO,NK,85338,28,237.08,1068.7,345744,345744,5,5,0.2468,2061.0,253.02,212.81
PHX,ATL,B6,41101,353,118.96,420.23,184147,184147,3,3,0.2232,4294.0,150.22,118.96
PHX,ATL,F9,35198,99,175.42,420.23,184147,184147,3,3,0.1911,4294.0,150.22,118.96
PHX,ATL,NK,107848,198,153.91,420.23,184147,184147,3,3,0.5857,4294.0,150.22,118.96
PHX,BOS,AA,67673,457,263.33,1909.12,369029,369029,5,5,0.1834,2010.0,254.75,239.5
PHX,BOS,AS,71130,421,271.98,1909.12,369029,369029,5,5,0.1927,2010.0,254.75,239.5
PHX,BOS,DL,70837,267,239.5,1909.12,369029,369029,5,5,0.192,2010.0,254.75,239.5
PHX,BOS,F9,77350,407,247.79,1909.12,369029,369029,5,5,0.2096,2010.0,254.75,239.5
PHX,BOS,UA,82039,227,252.47,1909.12,369029,369029,5,5,0.2223,2010.0,254.75,239.5
PHX,CLT,AA,117391,125,179.17,332.6,297425,297425,4,4,0.3947,2976.0,143.02,110.66
PHX,CLT,AS,37487,238,110.66,332.6,297425,297425,4,4,0.126,2976.0,143.02,110.66
PHX,CLT,NK,49123,54,131.22,332.6,297425,297425,4,4,0.1652,2976.0,143.02,110.66
PHX,CLT,UA,93424,440,116.79,332.6,297425,297425,4,4,0.3141,2976.0,143.02,110.66
PHX,DEN,DL,71659,443,130.95,1184.08,80976,80976,2,2,0.8849,7963.0,135.9,130.95
PHX,DEN,WN,9317,208,174.0,1184.08,80976,80976,2,2,0.1151,7963.0,135.9,130.95
PHX,DFW,AA,4524,436,219.7,1395.97,315193,315193,5,5,0.0144,2678.0,236.09,216.61
PHX,DFW,AS,38965,357,275.31,1395.97,315193,315193,5,5,0.1236,2678.0,236.09,216.61
PHX,DFW,B6,97789,96,216.61,1395.97,315193,315193,5,5,0.3103,2678.0,236.09,216.61
PHX,DFW,F9,100659,350,221.5,1395.97,315193,315193,5,5,0.3194,2678.0,236.09,216.61
PHX,DFW,WN,73256,360,262.29,1395.97,315193,315193,5,5,0.2324,2678.0,236.09,216.61
PHX,DTW,AA,38427,342,346.22,1669.35,204365,204365,5,5,0.188,2980.0,280.76,251.29
PHX,DTW,AS,12681,479,258.62,1669.35,204365,204365,5,5,0.0621,2980.0,280.76,251.29
PHX,DTW,B6,32477,53,306.87,1669.35,204365,204365,5,5,0.1589,2980.0,280.76,251.29
PHX,DTW,F9,25318,417,270.1,1669.35,204365,204365,5,5,0.1239,2980.0,280.76,251.29
PHX,DTW,WN,95462,293,251.29,1669.35,204365,204365,5,5,0.4671,2980.0,280.76,251.29
PHX,EWR,NK,116048,98,322.96,2599.88,116048,116048,1,1,1.0,10000.0,322.96,322.96
PHX,IAH,DL,119062,295,84.1,391.07,347215,347215,4,4,0.3429,2839.0,104.12,82.77
PHX,IAH,F9,98502,373,119.53,391.07,347215,347215,4,4,0.2837,2839.0,104.12,82.77
PHX,IAH,UA,96038,286,120.6,391.07,347215,347215,4,4,0.2766,2839.0,104.12,82.77
PHX,IAH,WN,33613,77,82.77,391.07,347215,347215,4,4,0.0968,2839.0,104.12,82.77
PHX,JFK,AA,4851,415,206.8,1122.38,35437,35437,2,2,0.1369,7637.0,201.27,200.39
PHX,JFK,UA,30586,289,200.39,1122.38,35437,35437,2,2,0.8631,7637.0,201.27,200.39
PHX,LAS,AA,76361,438,378.6,2783.02,139689,139689,2,2,0.5467,5044.0,334.0,280.23
PHX,LAS,UA,63328,439,280.23,2783.02,139689,139689,2,2,0.4533,5044.0,334.0,280.23
PHX,LAX,AS,44873,455,403.03,2292.29,212261,212261,5,5,0.2114,2123.0,344.93,283.72
PHX,LAX,B6,56760,344,319.43,2292.29,212261,212261,5,5,0.2674,2123.0,344.93,283.72
PHX,LAX,NK,26296,49,421.24,2292.29,212261,212261,5,5,0.1239,2123.0,344.93,283.72
PHX,LAX,UA,48659,249,324.73,2292.29,212261,212261,5,5,0.2292,2123.0,344.93,283.72
PHX,LAX,WN,35673,356,283.72,2292.29,212261,212261,5,5,0.1681,2123.0,344.93,283.72
PHX,LGA,AA,43938,362,231.61,2343.42,144356,144356,4,4,0.3044,3072.0,295.46,231.61
PHX,LGA,DL,50201,48,291.38,2343.42,144356,144356,4,4,0.3478,3072.0,295.46,231.61
PHX,LGA,NK,43678,311,365.02,2343.42,144356,144356,4,4,0.3026,3072.0,295.46,231.61
PHX,LGA,UA,6539,469,291.15,2343.42,144356,144356,4,4,0.0453,3072.0,295.46,231.61
PHX,MCO,DL,85181,265,243.77,1603.66,189535,189535,2,2,0.4494,5051.0,210.72,183.75
PHX,MCO,F9,104354,67,183.75,1603.66,189535,189535,2,2,0.5506,5051.0,210.72,183.75
PHX,MIA,NK,33805,353,157.81,1163.35,33805,33805,1,1,1.0,10000.0,157.81,157.81
PHX,MSP,AA,107482,104,107.87,719.46,207371,207371,5,5,0.5183,3569.0,113.36,103.37
PHX,MSP,AS,30649,11,111.56,719.46,207371,207371,5,5,0.1478,3569.0,113.36,103.37
PHX,MSP,B6,2633,277,104.48,719.46,207371,207371,5,5,0.0127,3569.0,113.36,103.37
PHX,MSP,DL,15522,25,103.37,719.46,207371,207371,5,5,0.0749,3569.0,113.36,103.37
PHX,MSP,NK,51085,204,129.5,719.46,207371,207371,5,5,0.2463,3569.0,113.36,103.37
PHX,ORD,UA,93944,156,392.08,2661.16,93944,93944,1,1,1.0,10000.0,392.08,392.08
PHX,PHL,AA,72633,109,361.07,2257.6,322649,322649,5,5,0.2251,2361.0,314.5,273.46
PHX,PHL,AS,26525,18,375.86,2257.6,322649,322649,5,5,0.0822,2361.0,314.5,273.46
PHX,PHL,NK,41769,453,307.56,2257.6,322649,322649,5,5,0.1295,2361.0,314.5,273.46
PHX,PHL,UA,104060,11,273.46,2257.6,322649,322649,5,5,0.3225,2361.0,314.5,273.46
PHX,PHL,WN,77662,356,308.7,2257.6,322649,322649,5,5,0.2407,2361.0,314.5,273.46
PHX,SEA,B6,107906,195,146.14,433.72,280344,280344,3,3,0.3849,3378.0,129.41,114.03
PHX,SEA,UA,90734,318,114.03,433.72,280344,280344,3,3,0.3237,3378.0,129.41,114.03
PHX,SEA,WN,81704,370,124.4,433.72,280344,280344,3,3,0.2914,3378.0,129.41,114.03
PHX,SFO,B6,97533,45,295.66,2419.43,370111,370111,5,5,0.2635,2573.0,373.11,283.84
PHX,SFO,DL,94236,235,429.05,2419.43,370111,370111,5,5,0.2546,2573.0,373.11,283.84
PHX,SFO,F9,113644,334,399.1,2419.43,370111,370111,5,5,0.3071,2573.0,373.11,283.84
PHX,SFO,NK,62650,273,365.29,2419.43,370111,370111,5,5,0.1693,2573.0,373.11,283.84
PHX,SFO,UA,2048,481,283.84,2419.43,370111,370111,5,5,0.0055,2573.0,373.11,283.84
SEA,ATL,AA,92303,219,286.1,1294.55,271498,271498,4,4,0.34,2993.0,241.44,192.0
SEA,ATL,B6,21131,361,192.0,1294.55,271498,271498,4,4,0.0778,2993.0,241.44,192.0
SEA,ATL,DL,96412,116,195.77,1294.55,271498,271498,4,4,0.3551,2993.0,241.44,192.0
SEA,ATL,F9,61652,81,262.92,1294.55,271498,271498,4,4,0.2271,2993.0,241.44,192.0
SEA,BOS,AS,111431,492,211.77,2206.43,231287,231287,5,5,0.4818,3661.0,224.59,211.58
SEA,BOS,B6,10323,408,323.84,2206.43,231287,231287,5,5,0.0446,3661.0,224.59,211.58
SEA,BOS,F9,81011,128,229.33,2206.43,231287,231287,5,5,0.3503,3661.0,224.59,211.58
SEA,BOS,UA,20969,256,211.58,2206.43,231287,231287,5,5,0.0907,3661.0,224.59,211.58
SEA,BOS,WN,7553,195,263.23,2206.43,231287,231287,5,5,0.0327,3661.0,224.59,211.58
SEA,CLT,B6,105836,112,116.84,374.21,293757,293757,4,4,0.3603,3359.0,111.5,91.39
SEA,CLT,NK,1216,353,91.39,374.21,293757,293757,4,4,0.0041,3359.0,111.5,91.39
SEA,CLT,UA,80055,431,94.65,374.21,293757,293757,4,4,0.2725,3359.0,111.5,91.39
SEA,CLT,WN,106650,235,119.07,374.21,293757,293757,4,4,0.3631,3359.0,111.5,91.39
SEA,DEN,DL,3476,359,149.05,740.34,100412,100412,3,3,0.0346,4700.0,145.66,138.79
SEA,DEN,F9,52245,81,138.79,740.34,100412,100412,3,3,0.5203,4700.0,145.66,138.79
SEA,DEN,UA,44691,305,153.42,740.34,100412,100412,3,3,0.4451,4700.0,145.66,138.79
SEA,DFW,AA,44712,16,221.08,1729.71,131763,131763,2,2,0.3393,5516.0,218.7,217.47
SEA,DFW,UA,87051,343,217.47,1729.71,131763,131763,2,2,0.6607,5516.0,218.7,217.47
SEA,DTW,AS,26122,219,162.88,568.51,354181,354181,5,5,0.0738,2366.0,156.5,128.31
SEA,DTW,DL,114327,185,179.22,568.51,354181,354181,5,5,0.3228,2366.0,156.5,128.31
SEA,DTW,NK,92814,53,128.31,568.51,354181,354181,5,5,0.2621,2366.0,156.5,128.31
SEA,DTW,UA,59870,37,131.46,568.51,354181,354181,5,5,0.169,2366.0,156.5,128.31
SEA,DTW,WN,61048,180,178.66,568.51,354181,354181,5,5,0.1724,2366.0,156.5,128.31
SEA,EWR,AA,97058,293,234.67,818.05,97058,97058,1,1,1.0,10000.0,234.67,234.67
SEA,IAH,AS,46117,227,236.93,1221.42,256620,256620,4,4,0.1797,2970.0,237.34,212.96
SEA,IAH,B6,58540,408,263.14,1221.42,256620,256620,4,4,0.2281,2970.0,237.34,212.96
SEA,IAH,F9,40904,199,267.08,1221.42,256620,256620,4,4,0.1594,2970.0,237.34,212.96
SEA,IAH,WN,111059,136,212.96,1221.42,256620,256620,4,4,0.4328,2970.0,237.34,212.96
SEA,JFK,B6,95078,414,151.61,1016.78,298009,298009,3,3,0.319,3355.0,175.25,151.61
SEA,JFK,DL,92332,189,187.31,1016.78,298009,298009,3,3,0.3098,3355.0,175.25,151.61
SEA,JFK,UA,110599,109,185.5,1016.78,298009,298009,3,3,0.3711,3355.0,175.25,151.61
SEA,LAS,AA,17537,154,208.59,1407.79,191799,191799,5,5,0.0914,3166.0,230.83,196.02
SEA,LAS,AS,14529,143,234.68,1407.79,191799,191799,5,5,0.0758,3166.0,230.83,196.02
SEA,LAS,DL,70105,471,271.86,1407.79,191799,191799,5,5,0.3655,3166.0,230.83,196.02
SEA,LAS,F9,11690,451,245.41,1407.79,191799,191799,5,5,0.0609,3166.0,230.83,196.02
SEA,LAS,UA,77938,126,196.02,1407.79,191799,191799,5,5,0.4064,3166.0,230.83,196.02
SEA,LAX,DL,12196,205,240.62,1814.59,12196,12196,1,1,1.0,10000.0,240.62,240.62
SEA,LGA,F9,69722,238,204.57,737.45,97790,97790,3,3,0.713,5717.0,194.98,145.36
SEA,LGA,NK,24319,450,175.15,737.45,97790,97790,3,3,0.2487,5717.0,194.98,145.36
SEA,LGA,WN,3749,232,145.36,737.45,97790,97790,3,3,0.0383,5717.0,194.98,145.36
SEA,MCO,AA,16033,273,216.59,642.15,83337,83337,3,3,0.1924,5788.0,190.92,183.79
SEA,MCO,F9,61021,66,183.79,642.15,83337,83337,3,3,0.7322,5788.0,190.92,183.79
SEA,MCO,NK,6283,403,194.7,642.15,83337,83337,3,3,0.0754,5788.0,190.92,183.79
SEA,MIA,F9,59971,151,76.99,342.72,85473,85473,2,2,0.7016,5813.0,81.07,76.99
SEA,MIA,NK,25502,193,90.66,342.72,85473,85473,2,2,0.2984,5813.0,81.07,76.99
SEA,MSP,DL,12293,226,245.88,1296.6,80462,80462,2,2,0.1528,7411.0,201.37,193.34
SEA,MSP,WN,68169,16,193.34,1296.6,80462,80462,2,2,0.8472,7411.0,201.37,193.34
SEA,ORD,AA,26445,392,213.61,602.39,272807,272807,4,4,0.0969,2932.0,179.07,146.83
SEA,ORD,DL,59022,185,146.83,602.39,272807,272807,4,4,0.2164,2932.0,179.07,146.83
SEA,ORD,F9,87232,280,198.14,602.39,272807,272807,4,4,0.3198,2932.0,179.07,146.83
SEA,ORD,NK,100108,137,172.35,602.39,272807,272807,4,4,0.367,2932.0,179.07,146.83
SEA,PHL,AA,70059,261,364.98,2332.49,70059,70059,1,1,1.0,10000.0,364.98,364.98
SEA,PHX,AA,4744,73,289.25,2053.0,7453,7453,2,2,0.6365,5373.0,310.08,289.25
SEA,PHX,DL,2709,474,346.55,2053.0,7453,7453,2,2,0.3635,5373.0,310.08,289.25
SEA,SFO,AA,87918,186,300.95,2313.41,87918,87918,1,1,1.0,10000.0,300.95,300.95
SFO,ATL,AS,75813,268,325.32,1826.08,391383,391383,5,5,0.1937,2087.0,292.37,226.33
SFO,ATL,B6,68148,262,281.54,1826.08,391383,391383,5,5,0.1741,2087.0,292.37,226.33
SFO,ATL,DL,71537,329,226.33,1826.08,391383,391383,5,5,0.1828,2087.0,292.37,226.33
SFO,ATL,NK,65672,88,299.87,1826.08,391383,391383,5,5,0.1678,2087.0,292.37,226.33
SFO,ATL,WN,110213,173,314.81,1826.08,391383,391383,5,5,0.2816,2087.0,292.37,226.33
SFO,BOS,AS,79012,34,280.52,2360.82,215217,215217,3,3,0.3671,4094.0,255.71,230.58
SFO,BOS,B6,26602,370,285.54,2360.82,215217,215217,3,3,0.1236,4094.0,255.71,230.58
SFO,BOS,DL,109603,256,230.58,2360.82,215217,215217,3,3,0.5093,4094.0,255.71,230.58
SFO,CLT,WN,4928,334,115.47,313.92,4928,4928,1,1,1.0,10000.0,115.47,115.47
SFO,DEN,AS,26002,471,319.07,2008.81,375938,375938,5,5,0.0692,2380.0,324.22,262.31
SFO,DEN,B6,111484,210,277.9,2008.81,375938,375938,5,5,0.2965,2380.0,324.22,262.31
SFO,DEN,DL,109330,453,366.67,2008.81,375938,375938,5,5,0.2908,2380.0,324.22,262.31
SFO,DEN,F9,53571,50,262.31,2008.81,375938,375938,5,5,0.1425,2380.0,324.22,262.31
SFO,DEN,NK,75551,184,376.8,2008.81,375938,375938,5,5,0.201,2380.0,324.22,262.31
SFO,DFW,AA,52151,190,85.43,376.59,310538,310538,5,5,0.1679,2265.0,100.71,85.43
SFO,DFW,AS,37147,100,118.9,376.59,310538,310538,5,5,0.1196,2265.0,100.71,85.43
SFO,DFW,B6,69127,313,94.8,376.59,310538,310538,5,5,0.2226,2265.0,100.71,85.43
SFO,DFW,F9,102523,446,111.61,376.59,310538,310538,5,5,0.3301,2265.0,100.71,85.43
SFO,DFW,WN,49590,103,88.86,376.59,310538,310538,5,5,0.1597,2265.0,100.71,85.43
SFO,DTW,B6,119839,52,165.18,622.24,230652,230652,3,3,0.5196,4854.0,190.82,165.18
SFO,DTW,DL,106985,180,220.4,622.24,230652,230652,3,3,0.4638,4854.0,190.82,165.18
SFO,DTW,F9,3828,445,166.86,622.24,230652,230652,3,3,0.0166,4854.0,190.82,165.18
SFO,EWR,DL,8150,452,431.35,2637.93,216546,216546,3,3,0.0376,4647.0,386.91,368.57
SFO,EWR,F9,101808,222,368.57,2637.93,216546,216546,3,3,0.4701,4647.0,386.91,368.57
SFO,EWR,NK,106588,223,401.02,2637.93,216546,216546,3,3,0.4922,4647.0,386.91,368.57
SFO,IAH,AA,102255,243,133.33,340.14,399934,399934,4,4,0.2557,2523.0,143.53,119.4
SFO,IAH,F9,111466,452,119.4,340.14,399934,399934,4,4,0.2787,2523.0,143.53,119.4
SFO,IAH,NK,84820,155,163.94,340.14,399934,399934,4,4,0.2121,2523.0,143.53,119.4
SFO,IAH,UA,101393,28,163.26,340.14,399934,399934,4,4,0.2535,2523.0,143.53,119.4
SFO,JFK,B6,51497,304,285.87,2106.05,98339,98339,3,3,0.5237,3877.0,324.03,285.87
SFO,JFK,F9,23025,311,324.03,2106.05,98339,98339,3,3,0.2341,3877.0,324.03,285.87
SFO,JFK,UA,23817,185,406.56,2106.05,98339,98339,3,3,0.2422,3877.0,324.03,285.87
SFO,LAS,AA,108975,64,124.47,515.03,200175,200175,3,3,0.5444,4023.0,125.71,123.17
SFO,LAS,UA,38989,177,132.6,515.03,200175,200175,3,3,0.1948,4023.0,125.71,123.17
SFO,LAS,WN,52211,176,123.17,515.03,200175,200175,3,3,0.2608,4023.0,125.71,123.17
SFO,LAX,AS,84851,330,205.78,2003.91,84851,84851,1,1,1.0,10000.0,205.78,205.78
SFO,LGA,DL,116247,69,240.29,627.82,221514,221514,2,2,0.5248,5012.0,210.97,178.6
SFO,LGA,F9,105267,172,178.6,627.82,221514,221514,2,2,0.4752,5012.0,210.97,178.6
SFO,MCO,AS,63154,194,151.69,1482.22,246719,246719,4,4,0.256,3031.0,198.46,151.69
SFO,MCO,B6,17509,273,173.24,1482.22,246719,246719,4,4,0.071,3031.0,198.46,151.69
SFO,MCO,DL,96510,397,229.87,1482.22,246719,246719,4,4,0.3912,3031.0,198.46,151.69
SFO,MCO,NK,69546,402,203.71,1482.22,246719,246719,4,4,0.2819,3031.0,198.46,151.69
SFO,MIA,UA,66623,373,227.39,1624.35,115626,115626,2,2,0.5762,5116.0,227.17,226.86
SFO,MIA,WN,49003,450,226.86,1624.35,115626,115626,2,2,0.4238,5116.0,227.17,226.86
SFO,MSP,DL,55807,417,220.1,645.55,324110,324110,4,4,0.1722,2706.0,185.92,166.27
SFO,MSP,F9,67374,389,166.27,645.55,324110,324110,4,4,0.2079,2706.0,185.92,166.27
SFO,MSP,NK,83360,311,166.46,645.55,324110,324110,4,4,0.2572,2706.0,185.92,166.27
SFO,MSP,UA,117569,287,194.76,645.55,324110,324110,4,4,0.3627,2706.0,185.92,166.27
SFO,ORD,AA,99533,205,405.98,2038.75,187008,187008,2,2,0.5322,5021.0,398.68,390.37
SFO,ORD,AS,87475,194,390.37,2038.75,187008,187008,2,2,0.4678,5021.0,398.68,390.37
SFO,PHL,AA,49324,310,177.78,407.19,49324,49324,1,1,1.0,10000.0,177.78,177.78
SFO,PHX,F9,69250,418,200.0,1848.45,124732,124732,2,2,0.5552,5061.0,219.84,200.0
SFO,PHX,UA,55482,443,244.6,1848.45,124732,124732,2,2,0.4448,5061.0,219.84,200.0
SFO,SEA,AA,101819,432,319.01,1597.34,328986,328986,4,4,0.3095,2825.0,294.18,255.23
SFO,SEA,AS,111927,18,302.03,1597.34,328986,328986,4,4,0.3402,2825.0,294.18,255.23
SFO,SEA,UA,80438,259,268.69,1597.34,328986,328986,4,4,0.2445,2825.0,294.18,255.23
SFO,SEA,WN,34802,109,255.23,1597.34,328986,328986,4,4,0.1058,2825.0,294.18,255.23
